2025-12-10 18:57:17,347 [INFO] Navigating to file:///E:\Advance_Masters_Project\My_AutoHeal\index.html
2025-12-10 18:57:17,460 [INFO] [username_field] Using initial locator: id=username
2025-12-10 18:57:17,573 [INFO] [login_button] Using initial locator: id=login-btn-primary
2025-12-10 19:10:02,242 [INFO] Navigating to file:///E:\Advance_Masters_Project\My_AutoHeal\index.html
2025-12-10 19:10:02,332 [INFO] [username_field] Using initial locator: id=username
2025-12-10 19:10:02,413 [INFO] [login_button] Using initial locator: id=login-btn-primary
2025-12-10 19:10:56,153 [INFO] Navigating to file:///E:\Advance_Masters_Project\My_AutoHeal\index.html
2025-12-10 19:10:56,223 [INFO] [username_field] Using initial locator: id=username
2025-12-10 19:10:56,305 [INFO] [login_button] Using initial locator: id=login-btn-broken
2025-12-10 19:11:06,781 [WARNING] [login_button] Primary locator failed: id=login-btn-broken (TimeoutException)
2025-12-10 19:11:06,781 [INFO] [login_button] (Levenshtein) Healing attempt for id=login-btn-broken
2025-12-10 19:11:06,866 [INFO] [login_button] Found Levenshtein match: 'login-btn-primary' (dist=6)
2025-12-10 19:11:06,876 [INFO] [login_button] healing successful
2025-12-10 19:11:06,876 [INFO] [login_button] Healed locator: id=login-btn-primary (Levenshtein (dist=6))
2025-12-10 19:14:06,208 [INFO] Navigating to file:///E:\Advance_Masters_Project\My_AutoHeal\index.html
2025-12-10 19:14:06,299 [INFO] [username_field] Using initial locator: id=username
2025-12-10 19:14:06,371 [INFO] [login_button] Using initial locator: id=login-btn-broken
2025-12-10 19:14:16,868 [WARNING] [login_button] Primary locator failed: id=login-btn-broken (TimeoutException)
2025-12-10 19:14:16,869 [INFO] [login_button] (Levenshtein) Healing attempt for id=login-btn-broken
2025-12-10 19:14:16,954 [INFO] [login_button] Found Levenshtein match: 'login-btn-primary' (dist=6)
2025-12-10 19:14:16,965 [INFO] [login_button] healing successful
2025-12-10 19:14:16,965 [INFO] [login_button] Healed locator: id=login-btn-primary (Levenshtein (dist=6))
2025-12-10 19:28:40,607 [INFO] Navigating to file:///E:\Advance_Masters_Project\My_AutoHeal\index.html
2025-12-10 19:28:40,687 [INFO] [username_field] Using initial locator: id=username
2025-12-10 19:28:40,762 [INFO] [login_button] Using initial locator: id=login-btn-broken
2025-12-10 19:28:51,287 [WARNING] [login_button] Primary locator failed: id=login-btn-broken (TimeoutException)
2025-12-10 19:28:51,287 [INFO] [login_button] (Levenshtein) Healing attempt for id=login-btn-broken
2025-12-10 19:28:51,389 [INFO] [login_button] Found Levenshtein match: 'login-btn-primary' (dist=6)
2025-12-10 19:28:51,398 [INFO] [login_button] healing successful
2025-12-10 19:28:51,398 [INFO] [login_button] Healed locator: id=login-btn-primary (Levenshtein (dist=6))
2025-12-10 19:28:52,461 [INFO] Healing Accuracy: 100.00% (1/1)
2025-12-10 19:48:15,044 [INFO] Navigating to file:///E:\Advance_Masters_Project\My_AutoHeal\index.html
2025-12-10 19:48:15,118 [INFO] [username_field] Using initial locator: id=username
2025-12-10 19:48:15,186 [INFO] [login_button] Using initial locator: id=login-btn-broken
2025-12-10 19:48:25,676 [WARNING] [login_button] Primary locator failed: id=login-btn-broken (TimeoutException)
2025-12-10 19:48:25,676 [INFO] [login_button] (Levenshtein) Healing attempt for id=login-btn-broken
2025-12-10 19:48:25,814 [INFO] [login_button] Found Levenshtein match: 'loginbtn-primary' (dist=7)
2025-12-10 19:48:25,827 [INFO] [login_button] healing successful
2025-12-10 19:48:25,827 [INFO] [login_button] Healed locator: id=loginbtn-primary (Levenshtein (dist=7))
2025-12-10 19:49:47,632 [INFO] Navigating to file:///E:\Advance_Masters_Project\My_AutoHeal\index.html
2025-12-10 19:49:47,709 [INFO] [username_field] Using initial locator: id=username
2025-12-10 19:49:47,782 [INFO] [login_button] Using initial locator: id=login-btn-broken
2025-12-10 19:49:58,239 [WARNING] [login_button] Primary locator failed: id=login-btn-broken (TimeoutException)
2025-12-10 19:49:58,241 [INFO] [login_button] (Levenshtein) Healing attempt for id=login-btn-broken
2025-12-10 19:49:58,346 [INFO] [login_button] Found Levenshtein match: 'login-btn-primary' (dist=6)
2025-12-10 19:49:58,357 [INFO] [login_button] healing successful
2025-12-10 19:49:58,361 [INFO] [login_button] Healed locator: id=login-btn-primary (Levenshtein (dist=6))
2025-12-11 02:47:37,837 [INFO] Navigating to file:///E:\Advance_Masters_Project\My_AutoHeal\index.html
2025-12-11 02:47:38,052 [INFO] [username_field] Using initial locator: id=username
2025-12-11 02:47:38,309 [INFO] [login_button] Using initial locator: id=login-btn-broken
2025-12-11 02:47:48,340 [WARNING] [login_button] Primary locator failed: id=login-btn-broken (TimeoutException)
2025-12-11 02:47:48,340 [INFO] [login_button] (Levenshtein) Healing attempt for id=login-btn-broken
2025-12-11 02:47:48,532 [INFO] [login_button] Found Levenshtein match: 'login-btnrimary' (dist=7)
2025-12-11 02:47:48,551 [INFO] [login_button] healing successful
2025-12-11 02:47:48,551 [INFO] [login_button] Healed locator: id=login-btnrimary (Levenshtein (dist=7))
2025-12-11 02:52:40,323 [INFO] Navigating to file:///E:\Advance_Masters_Project\My_AutoHeal\index.html
2025-12-11 02:52:40,584 [INFO] [username_field] Using initial locator: id=username
2025-12-11 02:52:40,829 [INFO] [login_button] Using stored locator: id=login-btn-primary
2025-12-11 02:52:50,909 [WARNING] [login_button] Primary locator failed: id=login-btn-primary (TimeoutException)
2025-12-11 02:52:50,909 [INFO] [login_button] (Levenshtein) Healing attempt for id=login-btn-primary
2025-12-11 02:52:51,109 [INFO] [login_button] Found Levenshtein match: 'login-btnrimary' (dist=2)
2025-12-11 02:52:51,118 [INFO] [login_button] healing successful
2025-12-11 02:52:51,133 [INFO] [login_button] Healed locator: id=login-btnrimary (Levenshtein (dist=2))
2025-12-11 02:52:52,385 [INFO] [delete_alice_btn] Using stored locator: id=delete-alice-btn-primary
2025-12-11 02:52:52,585 [INFO] [delete_alice_btn] healing successful
2025-12-11 02:52:52,774 [INFO] [profile_email_input] Using stored locator: id=profile_email
2025-12-11 02:52:52,909 [INFO] [profile_email_input] healing successful
2025-12-11 02:52:52,999 [INFO] [profile_email_input] Using stored locator: id=profile_email
2025-12-11 02:52:53,096 [INFO] [profile_email_input] healing successful
2025-12-11 02:52:53,255 [INFO] [save_profile_btn] Using stored locator: id=btn_save_profile
2025-12-11 02:52:53,351 [INFO] [save_profile_btn] healing successful
2025-12-11 02:52:53,457 [INFO] [logout_link] Using stored locator: xpath=//a[text()='Logout']
2025-12-11 02:52:53,565 [INFO] [logout_link] healing successful
2025-12-11 02:52:53,807 [INFO] [fallback_login_btn] Using stored locator: id=wrong_memory_id_123
2025-12-11 02:53:03,893 [WARNING] [fallback_login_btn] Primary locator failed: id=wrong_memory_id_123 (TimeoutException)
2025-12-11 02:53:03,893 [INFO] [fallback_login_btn] (Levenshtein) Healing attempt for id=wrong_memory_id_123
2025-12-11 02:53:04,102 [INFO] [fallback_login_btn] Best match 'profile-form' (dist=15) was too weak.
2025-12-11 02:53:04,102 [ERROR] [fallback_login_btn] Could not heal locator.
2025-12-11 02:54:11,940 [INFO] Navigating to file:///E:\Advance_Masters_Project\My_AutoHeal\index.html
2025-12-11 02:54:12,093 [INFO] [username_field] Using initial locator: id=username
2025-12-11 02:54:12,376 [INFO] [login_button] Using stored locator: id=login-btn-primary
2025-12-11 02:54:22,459 [WARNING] [login_button] Primary locator failed: id=login-btn-primary (TimeoutException)
2025-12-11 02:54:22,459 [INFO] [login_button] (Levenshtein) Healing attempt for id=login-btn-primary
2025-12-11 02:54:22,662 [INFO] [login_button] Found Levenshtein match: 'login-btnrimary' (dist=2)
2025-12-11 02:54:22,677 [INFO] [login_button] healing successful
2025-12-11 02:54:22,677 [INFO] [login_button] Healed locator: id=login-btnrimary (Levenshtein (dist=2))
2025-12-11 02:54:23,930 [INFO] [delete_alice_btn] Using stored locator: id=delete-alice-btn-primary
2025-12-11 02:54:24,077 [INFO] [delete_alice_btn] healing successful
2025-12-11 02:54:24,220 [INFO] [profile_email_input] Using stored locator: id=profile_email
2025-12-11 02:54:24,376 [INFO] [profile_email_input] healing successful
2025-12-11 02:54:24,435 [INFO] [profile_email_input] Using stored locator: id=profile_email
2025-12-11 02:54:24,516 [INFO] [profile_email_input] healing successful
2025-12-11 02:54:24,714 [INFO] [save_profile_btn] Using stored locator: id=btn_save_profile
2025-12-11 02:54:24,808 [INFO] [save_profile_btn] healing successful
2025-12-11 02:54:24,902 [INFO] [logout_link] Using stored locator: xpath=//a[text()='Logout']
2025-12-11 02:54:25,013 [INFO] [logout_link] healing successful
2025-12-11 02:54:25,127 [INFO] [fallback_login_btn] Using stored locator: id=wrong_memory_id_123
2025-12-11 02:54:35,252 [WARNING] [fallback_login_btn] Primary locator failed: id=wrong_memory_id_123 (TimeoutException)
2025-12-11 02:54:35,252 [INFO] [fallback_login_btn] (Levenshtein) Healing attempt for id=wrong_memory_id_123
2025-12-11 02:54:35,428 [INFO] [fallback_login_btn] Best match 'profile-form' (dist=15) was too weak.
2025-12-11 02:54:35,428 [ERROR] [fallback_login_btn] Could not heal locator.
2025-12-11 02:54:54,625 [INFO] Navigating to file:///E:\Advance_Masters_Project\My_AutoHeal\index.html
2025-12-11 02:54:54,752 [INFO] [username_field] Using initial locator: id=username
2025-12-11 02:54:55,016 [INFO] [login_button] Using stored locator: id=login-btn-primary
2025-12-11 02:55:05,117 [WARNING] [login_button] Primary locator failed: id=login-btn-primary (TimeoutException)
2025-12-11 02:55:05,119 [INFO] [login_button] (Levenshtein) Healing attempt for id=login-btn-primary
2025-12-11 02:55:05,425 [INFO] [login_button] Found Levenshtein match: 'login-btnrimary' (dist=2)
2025-12-11 02:55:05,459 [INFO] [login_button] healing successful
2025-12-11 02:55:05,459 [INFO] [login_button] Healed locator: id=login-btnrimary (Levenshtein (dist=2))
2025-12-11 02:55:06,777 [INFO] [delete_alice_btn] Using stored locator: id=delete-alice-btn-primary
2025-12-11 02:55:06,914 [INFO] [delete_alice_btn] healing successful
2025-12-11 02:55:07,097 [INFO] [profile_email_input] Using stored locator: id=profile_email
2025-12-11 02:55:07,203 [INFO] [profile_email_input] healing successful
2025-12-11 02:55:07,265 [INFO] [profile_email_input] Using stored locator: id=profile_email
2025-12-11 02:55:07,350 [INFO] [profile_email_input] healing successful
2025-12-11 02:55:07,545 [INFO] [save_profile_btn] Using stored locator: id=btn_save_profile
2025-12-11 02:55:07,684 [INFO] [save_profile_btn] healing successful
2025-12-11 02:55:07,805 [INFO] [logout_link] Using stored locator: xpath=//a[text()='Logout']
2025-12-11 02:55:07,909 [INFO] [logout_link] healing successful
2025-12-11 02:55:08,058 [INFO] [fallback_login_btn] Using stored locator: id=wrong_memory_id_123
2025-12-11 02:55:18,236 [WARNING] [fallback_login_btn] Primary locator failed: id=wrong_memory_id_123 (TimeoutException)
2025-12-11 02:55:18,236 [INFO] [fallback_login_btn] (Levenshtein) Healing attempt for id=wrong_memory_id_123
2025-12-11 02:55:18,409 [INFO] [fallback_login_btn] Best match 'profile-form' (dist=15) was too weak.
2025-12-11 02:55:18,409 [ERROR] [fallback_login_btn] Could not heal locator.
2025-12-11 02:55:37,470 [INFO] Navigating to file:///E:\Advance_Masters_Project\My_AutoHeal\index.html
2025-12-11 02:55:37,630 [INFO] [username_field] Using initial locator: id=username
2025-12-11 02:55:37,902 [INFO] [login_button] Using stored locator: id=login-btn-primary
2025-12-11 02:55:47,942 [WARNING] [login_button] Primary locator failed: id=login-btn-primary (TimeoutException)
2025-12-11 02:55:47,942 [INFO] [login_button] (Levenshtein) Healing attempt for id=login-btn-primary
2025-12-11 02:55:48,121 [INFO] [login_button] Found Levenshtein match: 'login-btn-p]rimary' (dist=1)
2025-12-11 02:55:48,150 [INFO] [login_button] healing successful
2025-12-11 02:55:48,150 [INFO] [login_button] Healed locator: id=login-btn-p]rimary (Levenshtein (dist=1))
2025-12-11 02:55:49,404 [INFO] [delete_alice_btn] Using stored locator: id=delete-alice-btn-primary
2025-12-11 02:55:49,597 [INFO] [delete_alice_btn] healing successful
2025-12-11 02:55:49,724 [INFO] [profile_email_input] Using stored locator: id=profile_email
2025-12-11 02:55:49,804 [INFO] [profile_email_input] healing successful
2025-12-11 02:55:49,880 [INFO] [profile_email_input] Using stored locator: id=profile_email
2025-12-11 02:55:49,945 [INFO] [profile_email_input] healing successful
2025-12-11 02:55:50,095 [INFO] [save_profile_btn] Using stored locator: id=btn_save_profile
2025-12-11 02:55:50,226 [INFO] [save_profile_btn] healing successful
2025-12-11 02:55:50,370 [INFO] [logout_link] Using stored locator: xpath=//a[text()='Logout']
2025-12-11 02:55:50,492 [INFO] [logout_link] healing successful
2025-12-11 02:55:50,603 [INFO] [fallback_login_btn] Using stored locator: id=wrong_memory_id_123
2025-12-11 02:56:00,625 [WARNING] [fallback_login_btn] Primary locator failed: id=wrong_memory_id_123 (TimeoutException)
2025-12-11 02:56:00,625 [INFO] [fallback_login_btn] (Levenshtein) Healing attempt for id=wrong_memory_id_123
2025-12-11 02:56:00,811 [INFO] [fallback_login_btn] Best match 'profile-form' (dist=15) was too weak.
2025-12-11 02:56:00,811 [ERROR] [fallback_login_btn] Could not heal locator.
2025-12-11 02:56:57,115 [INFO] Navigating to file:///E:\Advance_Masters_Project\My_AutoHeal\index.html
2025-12-11 02:56:57,274 [INFO] [username_field] Using initial locator: id=username
2025-12-11 02:56:57,569 [INFO] [login_button] Using stored locator: id=login-btn-primary
2025-12-11 02:57:07,620 [WARNING] [login_button] Primary locator failed: id=login-btn-primary (TimeoutException)
2025-12-11 02:57:07,620 [INFO] [login_button] (Levenshtein) Healing attempt for id=login-btn-primary
2025-12-11 02:57:07,805 [INFO] [login_button] Found Levenshtein match: 'login-btn-p]rimary' (dist=1)
2025-12-11 02:57:07,821 [INFO] [login_button] healing successful
2025-12-11 02:57:07,821 [INFO] [login_button] Healed locator: id=login-btn-p]rimary (Levenshtein (dist=1))
2025-12-11 02:57:09,078 [INFO] [delete_alice_btn] Using stored locator: id=delete-alice-btn-primary
2025-12-11 02:57:09,264 [INFO] [delete_alice_btn] healing successful
2025-12-11 02:57:09,408 [INFO] [profile_email_input] Using stored locator: id=profile_email
2025-12-11 02:57:09,523 [INFO] [profile_email_input] healing successful
2025-12-11 02:57:09,603 [INFO] [profile_email_input] Using stored locator: id=profile_email
2025-12-11 02:57:09,695 [INFO] [profile_email_input] healing successful
2025-12-11 02:57:09,845 [INFO] [save_profile_btn] Using stored locator: id=btn_save_profile
2025-12-11 02:57:10,001 [INFO] [save_profile_btn] healing successful
2025-12-11 02:57:10,138 [INFO] [logout_link] Using stored locator: xpath=//a[text()='Logout']
2025-12-11 02:57:10,281 [INFO] [logout_link] healing successful
2025-12-11 02:57:10,449 [INFO] [fallback_login_btn] Using stored locator: id=wrong_memory_id_123
2025-12-11 02:57:20,507 [WARNING] [fallback_login_btn] Primary locator failed: id=wrong_memory_id_123 (TimeoutException)
2025-12-11 02:57:20,509 [INFO] [fallback_login_btn] (Levenshtein) Healing attempt for id=wrong_memory_id_123
2025-12-11 02:57:20,665 [INFO] [fallback_login_btn] Best match 'profile-form' (dist=15) was too weak.
2025-12-11 02:57:20,671 [ERROR] [fallback_login_btn] Could not heal locator.
2025-12-11 02:58:18,441 [INFO] Navigating to file:///E:\Advance_Masters_Project\My_AutoHeal\index.html
2025-12-11 02:58:18,617 [INFO] [username_field] Using initial locator: id=username
2025-12-11 02:58:18,868 [INFO] [login_button] Using stored locator: id=login-btn-primary
2025-12-11 02:58:28,896 [WARNING] [login_button] Primary locator failed: id=login-btn-primary (TimeoutException)
2025-12-11 02:58:28,896 [INFO] [login_button] (Levenshtein) Healing attempt for id=login-btn-primary
2025-12-11 02:58:29,098 [INFO] [login_button] Found Levenshtein match: 'login-btn-p]rimary' (dist=1)
2025-12-11 02:58:29,122 [INFO] [login_button] healing successful
2025-12-11 02:58:29,122 [INFO] [login_button] Healed locator: id=login-btn-p]rimary (Levenshtein (dist=1))
2025-12-11 02:58:30,391 [INFO] [delete_alice_btn] Using stored locator: id=delete-alice-btn-primary
2025-12-11 02:58:30,563 [INFO] [delete_alice_btn] healing successful
2025-12-11 02:58:30,697 [INFO] [profile_email_input] Using stored locator: id=profile_email
2025-12-11 02:58:30,802 [INFO] [profile_email_input] healing successful
2025-12-11 02:58:30,881 [INFO] [profile_email_input] Using stored locator: id=profile_email
2025-12-11 02:58:30,961 [INFO] [profile_email_input] healing successful
2025-12-11 02:58:31,123 [INFO] [save_profile_btn] Using stored locator: id=btn_save_profile
2025-12-11 02:58:31,232 [INFO] [save_profile_btn] healing successful
2025-12-11 02:58:31,348 [INFO] [logout_link] Using stored locator: xpath=//a[text()='Logout']
2025-12-11 02:58:31,447 [INFO] [logout_link] healing successful
2025-12-11 02:58:31,592 [INFO] [fallback_login_btn] Using stored locator: id=wrong_memory_id_123
2025-12-11 02:58:41,685 [WARNING] [fallback_login_btn] Primary locator failed: id=wrong_memory_id_123 (TimeoutException)
2025-12-11 02:58:41,685 [INFO] [fallback_login_btn] (Levenshtein) Healing attempt for id=wrong_memory_id_123
2025-12-11 02:58:41,869 [INFO] [fallback_login_btn] Best match 'profile-form' (dist=15) was too weak.
2025-12-11 02:58:41,869 [ERROR] [fallback_login_btn] Could not heal locator.
2025-12-11 03:03:12,432 [INFO] Navigating to file:///E:\Advance_Masters_Project\My_AutoHeal\index.html
2025-12-11 03:03:12,660 [INFO] [username_field] Using initial locator: id=username
2025-12-11 03:03:12,972 [INFO] [login_button] Using stored locator: id=login-btn-primary
2025-12-11 03:03:23,059 [WARNING] [login_button] Primary locator failed: id=login-btn-primary (TimeoutException)
2025-12-11 03:03:23,059 [INFO] [login_button] (Levenshtein) Healing attempt for id=login-btn-primary
2025-12-11 03:03:23,252 [INFO] [login_button] Found Levenshtein match: 'login-btn-p]rimary' (dist=1)
2025-12-11 03:03:23,270 [INFO] [login_button] healing successful
2025-12-11 03:03:23,270 [INFO] [login_button] Healed locator: id=login-btn-p]rimary (Levenshtein (dist=1))
2025-12-11 03:03:24,513 [INFO] [delete_alice_btn] Using stored locator: id=delete-alice-btn-primary
2025-12-11 03:03:24,641 [INFO] [delete_alice_btn] healing successful
2025-12-11 03:03:24,901 [INFO] [profile_email_input] Using stored locator: id=profile_email
2025-12-11 03:03:34,957 [WARNING] [profile_email_input] Primary locator failed: id=profile_email (TimeoutException)
2025-12-11 03:03:34,957 [INFO] [profile_email_input] (Levenshtein) Healing attempt for id=profile_email
2025-12-11 03:03:35,124 [INFO] [profile_email_input] Found Levenshtein match: 'profileemail' (dist=1)
2025-12-11 03:03:35,161 [INFO] [profile_email_input] healing successful
2025-12-11 03:03:35,161 [INFO] [profile_email_input] Healed locator: id=profileemail (Levenshtein (dist=1))
2025-12-11 03:03:35,320 [INFO] [profile_email_input] Using stored locator: id=profileemail
2025-12-11 03:03:35,420 [INFO] [profile_email_input] healing successful
2025-12-11 03:03:35,638 [INFO] [save_profile_btn] Using stored locator: id=btn_save_profile
2025-12-11 03:03:35,757 [INFO] [save_profile_btn] healing successful
2025-12-11 03:03:35,871 [INFO] [logout_link] Using stored locator: xpath=//a[text()='Logout']
2025-12-11 03:03:35,992 [INFO] [logout_link] healing successful
2025-12-11 03:03:36,145 [INFO] [fallback_login_btn] Using stored locator: id=wrong_memory_id_123
2025-12-11 03:03:46,180 [WARNING] [fallback_login_btn] Primary locator failed: id=wrong_memory_id_123 (TimeoutException)
2025-12-11 03:03:46,180 [INFO] [fallback_login_btn] (Levenshtein) Healing attempt for id=wrong_memory_id_123
2025-12-11 03:03:46,371 [INFO] [fallback_login_btn] Best match 'profileemail' (dist=14) was too weak.
2025-12-11 03:03:46,371 [ERROR] [fallback_login_btn] Could not heal locator.
2025-12-11 03:10:23,062 [INFO] Navigating to file:///E:\Advance_Masters_Project\My_AutoHeal\index.html
2025-12-11 03:10:23,263 [INFO] [username_field] Using initial locator: id=username
2025-12-11 03:10:23,511 [INFO] [login_button] Using stored locator: id=login-btn-primary
2025-12-11 03:10:33,602 [WARNING] [login_button] Primary locator failed: id=login-btn-primary (TimeoutException)
2025-12-11 03:10:33,602 [INFO] [login_button] (Levenshtein) Healing attempt for id=login-btn-primary
2025-12-11 03:10:33,792 [INFO] [login_button] Found Levenshtein match: 'login-btn-p]rimary' (dist=1)
2025-12-11 03:10:33,809 [INFO] [login_button] healing successful
2025-12-11 03:10:33,809 [INFO] [login_button] Healed locator: id=login-btn-p]rimary (Levenshtein (dist=1))
2025-12-11 03:10:35,069 [INFO] [delete_alice_btn] Using stored locator: id=delete-alice-btn-primary
2025-12-11 03:10:35,265 [INFO] [delete_alice_btn] healing successful
2025-12-11 03:10:35,405 [INFO] [profile_email_input] Using stored locator: id=profile_email
2025-12-11 03:10:45,442 [WARNING] [profile_email_input] Primary locator failed: id=profile_email (TimeoutException)
2025-12-11 03:10:45,442 [INFO] [profile_email_input] (Levenshtein) Healing attempt for id=profile_email
2025-12-11 03:10:45,611 [INFO] [profile_email_input] Found Levenshtein match: 'profileemail' (dist=1)
2025-12-11 03:10:45,630 [INFO] [profile_email_input] healing successful
2025-12-11 03:10:45,630 [INFO] [profile_email_input] Healed locator: id=profileemail (Levenshtein (dist=1))
2025-12-11 03:10:45,798 [INFO] [profile_email_input] Using stored locator: id=profileemail
2025-12-11 03:10:45,897 [INFO] [profile_email_input] healing successful
2025-12-11 03:10:46,087 [INFO] [save_profile_btn] Using stored locator: id=btn_save_profile
2025-12-11 03:10:46,208 [INFO] [save_profile_btn] healing successful
2025-12-11 03:10:46,324 [INFO] [logout_link] Using stored locator: xpath=//a[text()='Logout']
2025-12-11 03:10:46,451 [INFO] [logout_link] healing successful
2025-12-11 03:10:46,592 [INFO] [fallback_login_btn] Using stored locator: id=wrong_memory_id_123
2025-12-11 03:10:56,681 [WARNING] [fallback_login_btn] Primary locator failed: id=wrong_memory_id_123 (TimeoutException)
2025-12-11 03:10:56,681 [INFO] [fallback_login_btn] (Levenshtein) Healing attempt for id=wrong_memory_id_123
2025-12-11 03:10:56,858 [INFO] [fallback_login_btn] Best match 'profileemail' (dist=14) was too weak.
2025-12-11 03:10:56,858 [ERROR] [fallback_login_btn] Could not heal locator.
2025-12-11 03:13:15,609 [INFO] Navigating to file:///E:\Advance_Masters_Project\My_AutoHeal\index.html
2025-12-11 03:13:15,768 [INFO] [username_field] Using initial locator: id=username
2025-12-11 03:13:16,010 [INFO] [login_button] Using stored locator: id=login-btn-primary
2025-12-11 03:13:26,068 [WARNING] [login_button] Primary locator failed: id=login-btn-primary (TimeoutException)
2025-12-11 03:13:26,068 [INFO] [login_button] (Levenshtein) Healing attempt for id=login-btn-primary
2025-12-11 03:13:26,261 [INFO] [login_button] Found Levenshtein match: 'login-btn-p]rimary' (dist=1)
2025-12-11 03:13:26,272 [INFO] [login_button] healing successful
2025-12-11 03:13:26,272 [INFO] [login_button] Healed locator: id=login-btn-p]rimary (Levenshtein (dist=1))
2025-12-11 03:13:27,525 [INFO] [delete_alice_btn] Using stored locator: id=delete-alice-btn-primary
2025-12-11 03:13:27,684 [INFO] [delete_alice_btn] healing successful
2025-12-11 03:13:27,845 [INFO] [profile_email_input] Using stored locator: id=profile_email
2025-12-11 03:13:27,930 [INFO] [profile_email_input] healing successful
2025-12-11 03:13:28,015 [INFO] [profile_email_input] Using stored locator: id=profile_email
2025-12-11 03:13:28,101 [INFO] [profile_email_input] healing successful
2025-12-11 03:13:28,252 [INFO] [save_profile_btn] Using stored locator: id=btn_save_profile
2025-12-11 03:13:28,351 [INFO] [save_profile_btn] healing successful
2025-12-11 03:13:28,440 [INFO] [logout_link] Using stored locator: xpath=//a[text()='Logout']
2025-12-11 03:13:28,554 [INFO] [logout_link] healing successful
2025-12-11 03:13:28,667 [INFO] [fallback_login_btn] Using stored locator: id=wrong_memory_id_123
2025-12-11 03:13:38,710 [WARNING] [fallback_login_btn] Primary locator failed: id=wrong_memory_id_123 (TimeoutException)
2025-12-11 03:13:38,710 [INFO] [fallback_login_btn] (Levenshtein) Healing attempt for id=wrong_memory_id_123
2025-12-11 03:13:38,892 [INFO] [fallback_login_btn] Best match 'profile-form' (dist=15) was too weak.
2025-12-11 03:13:38,892 [ERROR] [fallback_login_btn] Could not heal locator.
2025-12-11 03:15:42,366 [INFO] Navigating to file:///E:\Advance_Masters_Project\My_AutoHeal\index.html
2025-12-11 03:15:42,560 [INFO] [username_field] Using initial locator: id=username
2025-12-11 03:15:42,792 [INFO] [login_button] Using stored locator: id=login-btn-primary
2025-12-11 03:15:52,827 [WARNING] [login_button] Primary locator failed: id=login-btn-primary (TimeoutException)
2025-12-11 03:15:52,827 [INFO] [login_button] (Levenshtein) Healing attempt for id=login-btn-primary
2025-12-11 03:15:53,059 [INFO] [login_button] Found Levenshtein match: 'login-btn-p]rimary' (dist=1)
2025-12-11 03:15:53,085 [INFO] [login_button] healing successful
2025-12-11 03:15:53,085 [INFO] [login_button] Healed locator: id=login-btn-p]rimary (Levenshtein (dist=1))
2025-12-11 03:15:54,455 [INFO] [delete_alice_btn] Using stored locator: id=delete-alice-btn-primary
2025-12-11 03:15:54,716 [INFO] [delete_alice_btn] healing successful
2025-12-11 03:15:54,883 [INFO] [profile_email_input] Using stored locator: id=profile_email
2025-12-11 03:15:54,981 [INFO] [profile_email_input] healing successful
2025-12-11 03:15:55,078 [INFO] [profile_email_input] Using stored locator: id=profile_email
2025-12-11 03:15:55,214 [INFO] [profile_email_input] healing successful
2025-12-11 03:15:55,653 [INFO] [save_profile_btn] Using stored locator: id=btn_save_profile
2025-12-11 03:15:55,784 [INFO] [save_profile_btn] healing successful
2025-12-11 03:15:55,946 [INFO] [logout_link] Using stored locator: xpath=//a[text()='Logout']
2025-12-11 03:15:56,114 [INFO] [logout_link] healing successful
2025-12-11 03:15:56,436 [INFO] [fallback_login_btn] Using stored locator: id=wrong_memory_id_123
2025-12-11 03:16:06,510 [WARNING] [fallback_login_btn] Primary locator failed: id=wrong_memory_id_123 (TimeoutException)
2025-12-11 03:16:06,510 [INFO] [fallback_login_btn] (Levenshtein) Healing attempt for id=wrong_memory_id_123
2025-12-11 03:16:06,683 [INFO] [fallback_login_btn] Best match 'profile-form' (dist=15) was too weak.
2025-12-11 03:16:06,683 [ERROR] [fallback_login_btn] Could not heal locator.
2025-12-11 15:03:00,340 [INFO] Navigating to file:///E:\Advance_Masters_Project\My_AutoHeal\index.html
2025-12-11 15:03:00,488 [INFO] [username_field] Using initial locator: id=username
2025-12-11 15:03:00,914 [INFO] [login_button] Using stored locator: id=login-btn-primary
2025-12-11 15:03:10,964 [WARNING] [login_button] Primary locator failed: id=login-btn-primary (TimeoutException)
2025-12-11 15:03:10,964 [INFO] [login_button] (Levenshtein) Healing attempt for id=login-btn-primary
2025-12-11 15:03:11,150 [INFO] [login_button] Found Levenshtein match: 'login1212btn-p]rimary' (dist=5)
2025-12-11 15:03:11,166 [INFO] [login_button] healing successful
2025-12-11 15:03:11,166 [INFO] [login_button] Healed locator: id=login1212btn-p]rimary (Levenshtein (dist=5))
2025-12-11 15:03:12,439 [INFO] [delete_alice_btn] Using stored locator: id=delete-alice-btn-primary
2025-12-11 15:03:12,561 [INFO] [delete_alice_btn] healing successful
2025-12-11 15:03:12,677 [INFO] [profile_email_input] Using stored locator: id=profile_email
2025-12-11 15:03:12,757 [INFO] [profile_email_input] healing successful
2025-12-11 15:03:12,821 [INFO] [profile_email_input] Using stored locator: id=profile_email
2025-12-11 15:03:12,892 [INFO] [profile_email_input] healing successful
2025-12-11 15:03:13,029 [INFO] [save_profile_btn] Using stored locator: id=btn_save_profile
2025-12-11 15:03:13,143 [INFO] [save_profile_btn] healing successful
2025-12-11 15:03:13,252 [INFO] [logout_link] Using stored locator: xpath=//a[text()='Logout']
2025-12-11 15:03:13,341 [INFO] [logout_link] healing successful
2025-12-11 15:03:13,455 [INFO] [fallback_login_btn] Using stored locator: id=wrong_memory_id_123
2025-12-11 15:03:23,486 [WARNING] [fallback_login_btn] Primary locator failed: id=wrong_memory_id_123 (TimeoutException)
2025-12-11 15:03:23,486 [INFO] [fallback_login_btn] (Levenshtein) Healing attempt for id=wrong_memory_id_123
2025-12-11 15:03:23,661 [INFO] [fallback_login_btn] Best match 'profile-form' (dist=15) was too weak.
2025-12-11 15:03:23,661 [ERROR] [fallback_login_btn] Could not heal locator.
2025-12-14 20:28:51,197 [INFO] Navigating to file:///E:\Advance_Masters_Project\My_AutoHeal\index.html
2025-12-14 20:28:51,267 [INFO] [username_field] Using initial locator: id=username
2025-12-14 20:28:51,451 [INFO] [login_button] Using stored locator: id=login-btn-primary
2025-12-14 20:29:01,958 [WARNING] [login_button] Primary locator failed: id=login-btn-primary (TimeoutException)
2025-12-14 20:29:01,962 [INFO] [login_button] (Levenshtein) Healing attempt for id=login-btn-primary
2025-12-14 20:29:02,053 [INFO] [login_button] Found Levenshtein match: 'login1212btn-p]rimary' (dist=5)
2025-12-14 20:29:02,090 [INFO] [login_button] healing successful
2025-12-14 20:29:02,090 [INFO] [login_button] Healed locator: id=login1212btn-p]rimary (Levenshtein (dist=5))
2025-12-14 20:29:03,196 [INFO] [delete_alice_btn] Using stored locator: id=delete-alice-btn-primary
2025-12-14 20:29:03,326 [INFO] [delete_alice_btn] healing successful
2025-12-14 20:29:03,398 [INFO] [profile_email_input] Using stored locator: id=profile_email
2025-12-14 20:29:03,461 [INFO] [profile_email_input] healing successful
2025-12-14 20:29:03,489 [INFO] [profile_email_input] Using stored locator: id=profile_email
2025-12-14 20:29:03,525 [INFO] [profile_email_input] healing successful
2025-12-14 20:29:03,587 [INFO] [save_profile_btn] Using stored locator: id=btn_save_profile
2025-12-14 20:29:03,630 [INFO] [save_profile_btn] healing successful
2025-12-14 20:29:03,670 [INFO] [logout_link] Using stored locator: xpath=//a[text()='Logout']
2025-12-14 20:29:03,729 [INFO] [logout_link] healing successful
2025-12-14 20:29:03,793 [INFO] [fallback_login_btn] Using stored locator: id=wrong_memory_id_123
2025-12-14 20:29:13,817 [WARNING] [fallback_login_btn] Primary locator failed: id=wrong_memory_id_123 (TimeoutException)
2025-12-14 20:29:13,818 [INFO] [fallback_login_btn] (Levenshtein) Healing attempt for id=wrong_memory_id_123
2025-12-14 20:29:13,910 [INFO] [fallback_login_btn] Best match 'profile-form' (dist=15) was too weak.
2025-12-14 20:29:13,910 [ERROR] [fallback_login_btn] Could not heal locator.
2025-12-14 20:37:14,557 [INFO] Navigating to file:///E:\Advance_Masters_Project\My_AutoHeal\index.html
2025-12-14 20:37:14,738 [INFO] [username_field] Using initial locator: id=username
2025-12-14 20:37:14,921 [INFO] [login_button] Using stored locator: id=login-btn-primary
2025-12-14 20:37:25,416 [WARNING] [login_button] Primary locator failed: id=login-btn-primary (TimeoutException)
2025-12-14 20:37:25,416 [INFO] [login_button] (Levenshtein) Healing attempt for id=login-btn-primary
2025-12-14 20:37:25,498 [INFO] [login_button] Found Levenshtein match: 'login1212btn-p]rimary' (dist=5)
2025-12-14 20:37:25,512 [INFO] [login_button] healing successful
2025-12-14 20:37:25,512 [INFO] [login_button] Healed locator: id=login1212btn-p]rimary (Levenshtein (dist=5))
2025-12-14 20:37:26,634 [INFO] [delete_alice_btn] Using stored locator: id=delete-alice-btn-primary
2025-12-14 20:37:26,740 [INFO] [delete_alice_btn] healing successful
2025-12-14 20:37:26,945 [INFO] [profile_email_input] Using stored locator: id=profile_email
2025-12-14 20:37:26,995 [INFO] [profile_email_input] healing successful
2025-12-14 20:37:27,031 [INFO] [profile_email_input] Using stored locator: id=profile_email
2025-12-14 20:37:27,065 [INFO] [profile_email_input] healing successful
2025-12-14 20:37:27,147 [INFO] [save_profile_btn] Using stored locator: id=btn_save_profile
2025-12-14 20:37:27,204 [INFO] [save_profile_btn] healing successful
2025-12-14 20:37:27,254 [INFO] [logout_link] Using stored locator: xpath=//a[text()='Logout']
2025-12-14 20:37:27,315 [INFO] [logout_link] healing successful
2025-12-14 20:37:27,385 [INFO] [fallback_login_btn] Using stored locator: id=wrong_memory_id_123
2025-12-14 20:37:37,853 [WARNING] [fallback_login_btn] Primary locator failed: id=wrong_memory_id_123 (TimeoutException)
2025-12-14 20:37:37,853 [INFO] [fallback_login_btn] (Levenshtein) Healing attempt for id=wrong_memory_id_123
2025-12-14 20:37:37,945 [INFO] [fallback_login_btn] Best match 'profile-form' (dist=15) was too weak.
2025-12-14 20:37:37,945 [ERROR] [fallback_login_btn] Could not heal locator.
2025-12-14 20:52:37,048 [INFO] Navigating to file:///E:\Advance_Masters_Project\My_AutoHeal\index.html
2025-12-14 20:52:37,152 [INFO] [username_field] Using initial locator: id=username
2025-12-14 20:52:37,300 [INFO] [login_button] Using stored locator: id=login-btn-primary
2025-12-14 20:52:47,798 [WARNING] [login_button] Primary locator failed: id=login-btn-primary (TimeoutException)
2025-12-14 20:52:47,798 [INFO] [login_button] (Levenshtein) Healing attempt for id=login-btn-primary
2025-12-14 20:52:47,889 [INFO] [login_button] Found Levenshtein match: 'login1212btn-p]rimary' (dist=5)
2025-12-14 20:52:47,895 [INFO] [login_button] healing successful
2025-12-14 20:52:47,895 [INFO] [login_button] Healed locator: id=login1212btn-p]rimary (Levenshtein (dist=5))
2025-12-14 20:52:49,020 [INFO] [delete_alice_btn] Using stored locator: id=delete-alice-btn-primary
2025-12-14 20:52:49,099 [INFO] [delete_alice_btn] healing successful
2025-12-14 20:52:49,341 [INFO] [profile_email_input] Using stored locator: id=profile_email
2025-12-14 20:52:49,436 [INFO] [profile_email_input] healing successful
2025-12-14 20:52:49,566 [INFO] [profile_email_input] Using stored locator: id=profile_email
2025-12-14 20:52:49,630 [INFO] [profile_email_input] healing successful
2025-12-14 20:52:49,712 [INFO] [save_profile_btn] Using stored locator: id=btn_save_profile
2025-12-14 20:52:49,766 [INFO] [save_profile_btn] healing successful
2025-12-14 20:52:49,852 [INFO] [logout_link] Using stored locator: xpath=//a[text()='Logout']
2025-12-14 20:52:49,913 [INFO] [logout_link] healing successful
2025-12-14 20:52:49,975 [INFO] [fallback_login_btn] Using stored locator: id=wrong_memory_id_123
2025-12-14 20:53:00,470 [WARNING] [fallback_login_btn] Primary locator failed: id=wrong_memory_id_123 (TimeoutException)
2025-12-14 20:53:00,470 [INFO] [fallback_login_btn] (Levenshtein) Healing attempt for id=wrong_memory_id_123
2025-12-14 20:53:00,559 [INFO] [fallback_login_btn] Best match 'profile-form' (dist=15) was too weak.
2025-12-14 20:53:00,560 [ERROR] [fallback_login_btn] Could not heal locator.
2025-12-14 20:56:18,209 [INFO] Navigating to file:///E:\Advance_Masters_Project\My_AutoHeal\index.html
2025-12-14 20:56:18,298 [INFO] [username_field] Using initial locator: id=username
2025-12-14 20:56:18,402 [INFO] [login_button] Using stored locator: id=login-btn-primary
2025-12-14 20:56:28,825 [WARNING] [login_button] Primary locator failed: id=login-btn-primary (TimeoutException)
2025-12-14 20:56:28,825 [INFO] [login_button] (Levenshtein) Healing attempt for id=login-btn-primary
2025-12-14 20:56:28,908 [INFO] [login_button] Found Levenshtein match: 'login1212btn-p]rimary' (dist=5)
2025-12-14 20:56:28,911 [INFO] [login_button] healing successful
2025-12-14 20:56:28,911 [INFO] [login_button] Healed locator: id=login1212btn-p]rimary (Levenshtein (dist=5))
2025-12-14 20:56:30,036 [INFO] [delete_alice_btn] Using stored locator: id=delete-alice-btn-primary
2025-12-14 20:56:30,129 [INFO] [delete_alice_btn] healing successful
2025-12-14 20:56:30,232 [INFO] [profile_email_input] Using stored locator: id=profile_email
2025-12-14 20:56:30,286 [INFO] [profile_email_input] healing successful
2025-12-14 20:56:30,322 [INFO] [profile_email_input] Using stored locator: id=profile_email
2025-12-14 20:56:30,363 [INFO] [profile_email_input] healing successful
2025-12-14 20:56:30,465 [INFO] [save_profile_btn] Using stored locator: id=btn_save_profile
2025-12-14 20:56:30,521 [INFO] [save_profile_btn] healing successful
2025-12-14 20:56:30,572 [INFO] [logout_link] Using stored locator: xpath=//a[text()='Logout']
2025-12-14 20:56:30,630 [INFO] [logout_link] healing successful
2025-12-14 20:56:30,683 [INFO] [fallback_login_btn] Using stored locator: id=wrong_memory_id_123
2025-12-14 20:56:40,697 [WARNING] [fallback_login_btn] Primary locator failed: id=wrong_memory_id_123 (TimeoutException)
2025-12-14 20:56:40,697 [INFO] [fallback_login_btn] (Levenshtein) Healing attempt for id=wrong_memory_id_123
2025-12-14 20:56:40,795 [INFO] [fallback_login_btn] Best match 'profile-form' (dist=15) was too weak.
2025-12-14 20:56:40,795 [ERROR] [fallback_login_btn] Could not heal locator.
2025-12-14 21:04:59,963 [INFO] Navigating to file:///E:\Advance_Masters_Project\My_AutoHeal\index.html
2025-12-14 21:05:00,047 [INFO] [login_button] Using initial locator: id=login-btn-prmary
2025-12-14 21:05:10,511 [WARNING] [login_button] Primary locator failed: id=login-btn-prmary (TimeoutException)
2025-12-14 21:05:10,511 [INFO] [login_button] (Levenshtein) Healing attempt for id=login-btn-prmary
2025-12-14 21:05:10,677 [INFO] [login_button] Found Levenshtein match: 'login1212btn-p]rimary' (dist=6)
2025-12-14 21:05:10,685 [INFO] [login_button] healing successful
2025-12-14 21:05:10,685 [INFO] [login_button] Healed locator: id=login1212btn-p]rimary (Levenshtein (dist=6))
2025-12-14 21:05:10,790 [INFO] [delete_alice_btn] Using initial locator: id=delete-alice-btn-prim
2025-12-14 21:05:21,145 [WARNING] [delete_alice_btn] Primary locator failed: id=delete-alice-btn-prim (TimeoutException)
2025-12-14 21:05:21,145 [INFO] [delete_alice_btn] (Levenshtein) Healing attempt for id=delete-alice-btn-prim
2025-12-14 21:05:21,209 [INFO] [delete_alice_btn] Found Levenshtein match: 'delete-alice-btn-primary' (dist=3)
2025-12-14 21:05:21,222 [INFO] [delete_alice_btn] healing successful
2025-12-14 21:05:21,222 [INFO] [delete_alice_btn] Healed locator: id=delete-alice-btn-primary (Levenshtein (dist=3))
2025-12-14 21:05:21,325 [INFO] [profile_email_input] Using initial locator: id=profile_emal
2025-12-14 21:05:31,714 [WARNING] [profile_email_input] Primary locator failed: id=profile_emal (TimeoutException)
2025-12-14 21:05:31,714 [INFO] [profile_email_input] (Levenshtein) Healing attempt for id=profile_emal
2025-12-14 21:05:31,795 [INFO] [profile_email_input] Found Levenshtein match: 'profile_email' (dist=1)
2025-12-14 21:05:31,806 [INFO] [profile_email_input] healing successful
2025-12-14 21:05:31,806 [INFO] [profile_email_input] Healed locator: id=profile_email (Levenshtein (dist=1))
2025-12-14 21:05:31,915 [INFO] [save_profile_btn] Using initial locator: id=btn_save_prfile
2025-12-14 21:05:42,345 [WARNING] [save_profile_btn] Primary locator failed: id=btn_save_prfile (TimeoutException)
2025-12-14 21:05:42,345 [INFO] [save_profile_btn] (Levenshtein) Healing attempt for id=btn_save_prfile
2025-12-14 21:05:42,435 [INFO] [save_profile_btn] Found Levenshtein match: 'btn_save_profile' (dist=1)
2025-12-14 21:05:42,444 [INFO] [save_profile_btn] healing successful
2025-12-14 21:05:42,444 [INFO] [save_profile_btn] Healed locator: id=btn_save_profile (Levenshtein (dist=1))
2025-12-14 21:05:42,538 [INFO] Navigating to file:///E:\Advance_Masters_Project\My_AutoHeal\page_ecommerce.html
2025-12-14 21:05:42,577 [INFO] [search_box] Using initial locator: id=search_box_v
2025-12-14 21:05:52,942 [WARNING] [search_box] Primary locator failed: id=search_box_v (TimeoutException)
2025-12-14 21:05:52,942 [INFO] [search_box] (Levenshtein) Healing attempt for id=search_box_v
2025-12-14 21:05:52,985 [INFO] [search_box] Found Levenshtein match: 'search_box_v2' (dist=1)
2025-12-14 21:05:52,995 [INFO] [search_box] healing successful
2025-12-14 21:05:52,995 [INFO] [search_box] Healed locator: id=search_box_v2 (Levenshtein (dist=1))
2025-12-14 21:05:53,114 [INFO] [add_laptop] Using initial locator: id=add_cart_laptop
2025-12-14 21:06:03,518 [WARNING] [add_laptop] Primary locator failed: id=add_cart_laptop (TimeoutException)
2025-12-14 21:06:03,520 [INFO] [add_laptop] (Levenshtein) Healing attempt for id=add_cart_laptop
2025-12-14 21:06:03,576 [INFO] [add_laptop] Found Levenshtein match: 'add_to_cart_laptop' (dist=3)
2025-12-14 21:06:03,587 [INFO] [add_laptop] healing successful
2025-12-14 21:06:03,587 [INFO] [add_laptop] Healed locator: id=add_to_cart_laptop (Levenshtein (dist=3))
2025-12-14 21:06:03,686 [INFO] [checkout_btn] Using initial locator: id=checkout_nw
2025-12-14 21:06:14,105 [WARNING] [checkout_btn] Primary locator failed: id=checkout_nw (TimeoutException)
2025-12-14 21:06:14,105 [INFO] [checkout_btn] (Levenshtein) Healing attempt for id=checkout_nw
2025-12-14 21:06:14,150 [INFO] [checkout_btn] Found Levenshtein match: 'checkout_now' (dist=1)
2025-12-14 21:06:14,159 [INFO] [checkout_btn] healing successful
2025-12-14 21:06:14,159 [INFO] [checkout_btn] Healed locator: id=checkout_now (Levenshtein (dist=1))
2025-12-14 21:06:14,258 [INFO] Navigating to file:///E:\Advance_Masters_Project\My_AutoHeal\page_blog.html
2025-12-14 21:06:14,288 [INFO] [read_more] Using initial locator: id=read_more_lnk
2025-12-14 21:06:24,694 [WARNING] [read_more] Primary locator failed: id=read_more_lnk (TimeoutException)
2025-12-14 21:06:24,694 [INFO] [read_more] (Levenshtein) Healing attempt for id=read_more_lnk
2025-12-14 21:06:24,745 [INFO] [read_more] Found Levenshtein match: 'read_more_link' (dist=1)
2025-12-14 21:06:24,757 [INFO] [read_more] healing successful
2025-12-14 21:06:24,757 [INFO] [read_more] Healed locator: id=read_more_link (Levenshtein (dist=1))
2025-12-14 21:06:24,866 [INFO] [comment_box] Using initial locator: id=cmmnt_box
2025-12-14 21:06:35,241 [WARNING] [comment_box] Primary locator failed: id=cmmnt_box (TimeoutException)
2025-12-14 21:06:35,241 [INFO] [comment_box] (Levenshtein) Healing attempt for id=cmmnt_box
2025-12-14 21:06:35,315 [INFO] [comment_box] Found Levenshtein match: 'comment_box' (dist=2)
2025-12-14 21:06:35,327 [INFO] [comment_box] healing successful
2025-12-14 21:06:35,327 [INFO] [comment_box] Healed locator: id=comment_box (Levenshtein (dist=2))
2025-12-14 21:06:35,418 [INFO] [post_comment] Using initial locator: id=post_commnt_btn
2025-12-14 21:06:45,766 [WARNING] [post_comment] Primary locator failed: id=post_commnt_btn (TimeoutException)
2025-12-14 21:06:45,768 [INFO] [post_comment] (Levenshtein) Healing attempt for id=post_commnt_btn
2025-12-14 21:06:45,821 [INFO] [post_comment] Found Levenshtein match: 'post_comment_btn' (dist=1)
2025-12-14 21:06:45,829 [INFO] [post_comment] healing successful
2025-12-14 21:06:45,829 [INFO] [post_comment] Healed locator: id=post_comment_btn (Levenshtein (dist=1))
2025-12-14 21:06:45,933 [INFO] Navigating to file:///E:\Advance_Masters_Project\My_AutoHeal\page_dashboard.html
2025-12-14 21:06:45,969 [INFO] [update_settings] Using initial locator: id=update_settngs_btn
2025-12-14 21:06:56,411 [WARNING] [update_settings] Primary locator failed: id=update_settngs_btn (TimeoutException)
2025-12-14 21:06:56,411 [INFO] [update_settings] (Levenshtein) Healing attempt for id=update_settngs_btn
2025-12-14 21:06:56,469 [INFO] [update_settings] Found Levenshtein match: 'update_settings_btn' (dist=1)
2025-12-14 21:06:56,479 [INFO] [update_settings] healing successful
2025-12-14 21:06:56,479 [INFO] [update_settings] Healed locator: id=update_settings_btn (Levenshtein (dist=1))
2025-12-14 21:06:56,578 [INFO] [toggle_dark] Using initial locator: id=togle_dark_mode
2025-12-14 21:07:07,009 [WARNING] [toggle_dark] Primary locator failed: id=togle_dark_mode (TimeoutException)
2025-12-14 21:07:07,009 [INFO] [toggle_dark] (Levenshtein) Healing attempt for id=togle_dark_mode
2025-12-14 21:07:07,052 [INFO] [toggle_dark] Found Levenshtein match: 'toggle_dark_mode' (dist=1)
2025-12-14 21:07:07,061 [INFO] [toggle_dark] healing successful
2025-12-14 21:07:07,061 [INFO] [toggle_dark] Healed locator: id=toggle_dark_mode (Levenshtein (dist=1))
2025-12-14 21:07:07,158 [INFO] Navigating to file:///E:\Advance_Masters_Project\My_AutoHeal\page_contact.html
2025-12-14 21:07:07,185 [INFO] [contact_name] Using initial locator: id=cntact_name
2025-12-14 21:07:17,581 [WARNING] [contact_name] Primary locator failed: id=cntact_name (TimeoutException)
2025-12-14 21:07:17,581 [INFO] [contact_name] (Levenshtein) Healing attempt for id=cntact_name
2025-12-14 21:07:17,620 [INFO] [contact_name] Found Levenshtein match: 'contact_name' (dist=1)
2025-12-14 21:07:17,632 [INFO] [contact_name] healing successful
2025-12-14 21:07:17,632 [INFO] [contact_name] Healed locator: id=contact_name (Levenshtein (dist=1))
2025-12-14 21:07:17,727 [INFO] [send_btn] Using initial locator: id=send_msg_btn
2025-12-14 21:07:28,126 [WARNING] [send_btn] Primary locator failed: id=send_msg_btn (TimeoutException)
2025-12-14 21:07:28,126 [INFO] [send_btn] (Levenshtein) Healing attempt for id=send_msg_btn
2025-12-14 21:07:28,163 [INFO] [send_btn] Found Levenshtein match: 'send_message_btn' (dist=4)
2025-12-14 21:07:28,173 [INFO] [send_btn] healing successful
2025-12-14 21:07:28,173 [INFO] [send_btn] Healed locator: id=send_message_btn (Levenshtein (dist=4))
2025-12-14 21:14:44,453 [INFO] --- SCENARIO 1: LOGIN (Levenshtein) ---
2025-12-14 21:14:44,453 [INFO] Navigating to file:///E:\Advance_Masters_Project\My_AutoHeal\index.html
2025-12-14 21:14:44,534 [INFO] [login_button] Using initial locator: id=login-btn-prmary
2025-12-14 21:14:54,964 [WARNING] [login_button] Primary locator failed: id=login-btn-prmary (TimeoutException)
2025-12-14 21:14:54,964 [INFO] [login_button] (Levenshtein) Healing attempt for id=login-btn-prmary
2025-12-14 21:14:55,053 [INFO] [login_button] Found Levenshtein match: 'login1212btn-p]rimary' (dist=6)
2025-12-14 21:14:55,058 [INFO] [login_button] healing successful
2025-12-14 21:14:55,058 [INFO] [login_button] Healed locator: id=login1212btn-p]rimary (Levenshtein (dist=6))
2025-12-14 21:14:55,177 [INFO] [delete_alice_btn] Using initial locator: id=delete-alice-btn-prim
2025-12-14 21:15:05,626 [WARNING] [delete_alice_btn] Primary locator failed: id=delete-alice-btn-prim (TimeoutException)
2025-12-14 21:15:05,626 [INFO] [delete_alice_btn] (Levenshtein) Healing attempt for id=delete-alice-btn-prim
2025-12-14 21:15:05,709 [INFO] [delete_alice_btn] Found Levenshtein match: 'delete-alice-btn-primary' (dist=3)
2025-12-14 21:15:05,718 [INFO] [delete_alice_btn] healing successful
2025-12-14 21:15:05,720 [INFO] [delete_alice_btn] Healed locator: id=delete-alice-btn-primary (Levenshtein (dist=3))
2025-12-14 21:15:05,810 [INFO] [profile_email_input] Using initial locator: id=profile_emal
2025-12-14 21:15:16,216 [WARNING] [profile_email_input] Primary locator failed: id=profile_emal (TimeoutException)
2025-12-14 21:15:16,216 [INFO] [profile_email_input] (Levenshtein) Healing attempt for id=profile_emal
2025-12-14 21:15:16,299 [INFO] [profile_email_input] Found Levenshtein match: 'profile_email' (dist=1)
2025-12-14 21:15:16,312 [INFO] [profile_email_input] healing successful
2025-12-14 21:15:16,312 [INFO] [profile_email_input] Healed locator: id=profile_email (Levenshtein (dist=1))
2025-12-14 21:15:16,420 [INFO] [save_profile_btn] Using initial locator: id=btn_save_prfile
2025-12-14 21:15:26,842 [WARNING] [save_profile_btn] Primary locator failed: id=btn_save_prfile (TimeoutException)
2025-12-14 21:15:26,842 [INFO] [save_profile_btn] (Levenshtein) Healing attempt for id=btn_save_prfile
2025-12-14 21:15:26,937 [INFO] [save_profile_btn] Found Levenshtein match: 'btn_save_profile' (dist=1)
2025-12-14 21:15:26,950 [INFO] [save_profile_btn] healing successful
2025-12-14 21:15:26,950 [INFO] [save_profile_btn] Healed locator: id=btn_save_profile (Levenshtein (dist=1))
2025-12-14 21:15:27,051 [INFO] --- SCENARIO 2: E-COMMERCE (Levenshtein) ---
2025-12-14 21:15:27,052 [INFO] Navigating to file:///E:\Advance_Masters_Project\My_AutoHeal\page_ecommerce.html
2025-12-14 21:15:27,087 [INFO] [search_box] Using initial locator: id=search_box_v
2025-12-14 21:15:37,529 [WARNING] [search_box] Primary locator failed: id=search_box_v (TimeoutException)
2025-12-14 21:15:37,529 [INFO] [search_box] (Levenshtein) Healing attempt for id=search_box_v
2025-12-14 21:15:37,570 [INFO] [search_box] Found Levenshtein match: 'search_box_v2' (dist=1)
2025-12-14 21:15:37,585 [INFO] [search_box] healing successful
2025-12-14 21:15:37,585 [INFO] [search_box] Healed locator: id=search_box_v2 (Levenshtein (dist=1))
2025-12-14 21:15:37,674 [INFO] [add_laptop] Using initial locator: id=add_cart_laptop
2025-12-14 21:15:48,120 [WARNING] [add_laptop] Primary locator failed: id=add_cart_laptop (TimeoutException)
2025-12-14 21:15:48,120 [INFO] [add_laptop] (Levenshtein) Healing attempt for id=add_cart_laptop
2025-12-14 21:15:48,192 [INFO] [add_laptop] Found Levenshtein match: 'add_to_cart_laptop' (dist=3)
2025-12-14 21:15:48,201 [INFO] [add_laptop] healing successful
2025-12-14 21:15:48,201 [INFO] [add_laptop] Healed locator: id=add_to_cart_laptop (Levenshtein (dist=3))
2025-12-14 21:15:48,299 [INFO] [checkout_btn] Using initial locator: id=checkout_nw
2025-12-14 21:15:58,748 [WARNING] [checkout_btn] Primary locator failed: id=checkout_nw (TimeoutException)
2025-12-14 21:15:58,748 [INFO] [checkout_btn] (Levenshtein) Healing attempt for id=checkout_nw
2025-12-14 21:15:58,795 [INFO] [checkout_btn] Found Levenshtein match: 'checkout_now' (dist=1)
2025-12-14 21:15:58,808 [INFO] [checkout_btn] healing successful
2025-12-14 21:15:58,808 [INFO] [checkout_btn] Healed locator: id=checkout_now (Levenshtein (dist=1))
2025-12-14 21:15:58,911 [INFO] --- SCENARIO 3: BLOG (Levenshtein) ---
2025-12-14 21:15:58,913 [INFO] Navigating to file:///E:\Advance_Masters_Project\My_AutoHeal\page_blog.html
2025-12-14 21:15:58,947 [INFO] [read_more] Using initial locator: id=read_more_lnk
2025-12-14 21:16:09,382 [WARNING] [read_more] Primary locator failed: id=read_more_lnk (TimeoutException)
2025-12-14 21:16:09,382 [INFO] [read_more] (Levenshtein) Healing attempt for id=read_more_lnk
2025-12-14 21:16:09,454 [INFO] [read_more] Found Levenshtein match: 'read_more_link' (dist=1)
2025-12-14 21:16:09,466 [INFO] [read_more] healing successful
2025-12-14 21:16:09,466 [INFO] [read_more] Healed locator: id=read_more_link (Levenshtein (dist=1))
2025-12-14 21:16:09,584 [INFO] [comment_box] Using initial locator: id=cmmnt_box
2025-12-14 21:16:20,022 [WARNING] [comment_box] Primary locator failed: id=cmmnt_box (TimeoutException)
2025-12-14 21:16:20,022 [INFO] [comment_box] (Levenshtein) Healing attempt for id=cmmnt_box
2025-12-14 21:16:20,075 [INFO] [comment_box] Found Levenshtein match: 'comment_box' (dist=2)
2025-12-14 21:16:20,086 [INFO] [comment_box] healing successful
2025-12-14 21:16:20,086 [INFO] [comment_box] Healed locator: id=comment_box (Levenshtein (dist=2))
2025-12-14 21:16:20,177 [INFO] [post_comment] Using initial locator: id=post_commnt_btn
2025-12-14 21:16:30,545 [WARNING] [post_comment] Primary locator failed: id=post_commnt_btn (TimeoutException)
2025-12-14 21:16:30,545 [INFO] [post_comment] (Levenshtein) Healing attempt for id=post_commnt_btn
2025-12-14 21:16:30,605 [INFO] [post_comment] Found Levenshtein match: 'post_comment_btn' (dist=1)
2025-12-14 21:16:30,613 [INFO] [post_comment] healing successful
2025-12-14 21:16:30,613 [INFO] [post_comment] Healed locator: id=post_comment_btn (Levenshtein (dist=1))
2025-12-14 21:16:30,716 [INFO] --- SCENARIO 4: DASHBOARD (Levenshtein) ---
2025-12-14 21:16:30,716 [INFO] Navigating to file:///E:\Advance_Masters_Project\My_AutoHeal\page_dashboard.html
2025-12-14 21:16:30,746 [INFO] [update_settings] Using initial locator: id=update_settngs_btn
2025-12-14 21:16:41,155 [WARNING] [update_settings] Primary locator failed: id=update_settngs_btn (TimeoutException)
2025-12-14 21:16:41,155 [INFO] [update_settings] (Levenshtein) Healing attempt for id=update_settngs_btn
2025-12-14 21:16:41,214 [INFO] [update_settings] Found Levenshtein match: 'update_settings_btn' (dist=1)
2025-12-14 21:16:41,222 [INFO] [update_settings] healing successful
2025-12-14 21:16:41,222 [INFO] [update_settings] Healed locator: id=update_settings_btn (Levenshtein (dist=1))
2025-12-14 21:16:41,321 [INFO] [toggle_dark] Using initial locator: id=togle_dark_mode
2025-12-14 21:16:51,672 [WARNING] [toggle_dark] Primary locator failed: id=togle_dark_mode (TimeoutException)
2025-12-14 21:16:51,672 [INFO] [toggle_dark] (Levenshtein) Healing attempt for id=togle_dark_mode
2025-12-14 21:16:51,739 [INFO] [toggle_dark] Found Levenshtein match: 'toggle_dark_mode' (dist=1)
2025-12-14 21:16:51,753 [INFO] [toggle_dark] healing successful
2025-12-14 21:16:51,753 [INFO] [toggle_dark] Healed locator: id=toggle_dark_mode (Levenshtein (dist=1))
2025-12-14 21:16:51,846 [INFO] --- SCENARIO 5: CONTACT (Levenshtein) ---
2025-12-14 21:16:51,846 [INFO] Navigating to file:///E:\Advance_Masters_Project\My_AutoHeal\page_contact.html
2025-12-14 21:16:51,881 [INFO] [contact_name] Using initial locator: id=cntact_name
2025-12-14 21:17:02,264 [WARNING] [contact_name] Primary locator failed: id=cntact_name (TimeoutException)
2025-12-14 21:17:02,264 [INFO] [contact_name] (Levenshtein) Healing attempt for id=cntact_name
2025-12-14 21:17:02,301 [INFO] [contact_name] Found Levenshtein match: 'contact_name' (dist=1)
2025-12-14 21:17:02,312 [INFO] [contact_name] healing successful
2025-12-14 21:17:02,312 [INFO] [contact_name] Healed locator: id=contact_name (Levenshtein (dist=1))
2025-12-14 21:17:02,400 [INFO] [send_btn] Using initial locator: id=send_msg_btn
2025-12-14 21:17:12,770 [WARNING] [send_btn] Primary locator failed: id=send_msg_btn (TimeoutException)
2025-12-14 21:17:12,770 [INFO] [send_btn] (Levenshtein) Healing attempt for id=send_msg_btn
2025-12-14 21:17:12,808 [INFO] [send_btn] Found Levenshtein match: 'send_message_btn' (dist=4)
2025-12-14 21:17:12,821 [INFO] [send_btn] healing successful
2025-12-14 21:17:12,821 [INFO] [send_btn] Healed locator: id=send_message_btn (Levenshtein (dist=4))
2025-12-17 23:31:02,595 [INFO] --- SCENARIO 1: LOGIN (Levenshtein) ---
2025-12-17 23:31:02,597 [INFO] Navigating to file:///E:\Advance_Masters_Project\My_AutoHeal\index.html
2025-12-17 23:31:02,842 [INFO] [login_button] Using initial locator: id=login-btn-prmary
2025-12-17 23:31:13,017 [WARNING] [login_button] Primary locator failed: id=login-btn-prmary (TimeoutException)
2025-12-17 23:31:13,017 [INFO] [login_button] (Levenshtein) Healing attempt for id=login-btn-prmary
2025-12-17 23:31:13,241 [INFO] [login_button] Found Levenshtein match: 'login1212btn-p]rimary' (dist=6)
2025-12-17 23:31:13,267 [INFO] [login_button] healing successful
2025-12-17 23:31:13,268 [INFO] [Performance] Method=Levenshtein, Time=0.2506s, Scanned=12, Success=True
2025-12-17 23:31:13,268 [INFO] [login_button] Healed locator: id=login1212btn-p]rimary (Levenshtein (dist=6))
2025-12-17 23:31:13,499 [INFO] [delete_alice_btn] Using initial locator: id=delete-alice-btn-prim
2025-12-17 23:31:23,970 [WARNING] [delete_alice_btn] Primary locator failed: id=delete-alice-btn-prim (TimeoutException)
2025-12-17 23:31:23,970 [INFO] [delete_alice_btn] (Levenshtein) Healing attempt for id=delete-alice-btn-prim
2025-12-17 23:31:24,110 [INFO] [delete_alice_btn] Found Levenshtein match: 'delete-alice-btn-primary' (dist=3)
2025-12-17 23:31:24,130 [INFO] [delete_alice_btn] healing successful
2025-12-17 23:31:24,130 [INFO] [Performance] Method=Levenshtein, Time=0.1602s, Scanned=12, Success=True
2025-12-17 23:31:24,130 [INFO] [delete_alice_btn] Healed locator: id=delete-alice-btn-primary (Levenshtein (dist=3))
2025-12-17 23:31:24,312 [INFO] [profile_email_input] Using initial locator: id=profile_emal
2025-12-17 23:31:34,332 [WARNING] [profile_email_input] Primary locator failed: id=profile_emal (TimeoutException)
2025-12-17 23:31:34,332 [INFO] [profile_email_input] (Levenshtein) Healing attempt for id=profile_emal
2025-12-17 23:31:34,450 [INFO] [profile_email_input] Found Levenshtein match: 'profile_email' (dist=1)
2025-12-17 23:31:34,466 [INFO] [profile_email_input] healing successful
2025-12-17 23:31:34,466 [INFO] [Performance] Method=Levenshtein, Time=0.1336s, Scanned=12, Success=True
2025-12-17 23:31:34,466 [INFO] [profile_email_input] Healed locator: id=profile_email (Levenshtein (dist=1))
2025-12-17 23:31:34,607 [INFO] [save_profile_btn] Using initial locator: id=btn_save_prfile
2025-12-17 23:31:44,959 [WARNING] [save_profile_btn] Primary locator failed: id=btn_save_prfile (TimeoutException)
2025-12-17 23:31:44,959 [INFO] [save_profile_btn] (Levenshtein) Healing attempt for id=btn_save_prfile
2025-12-17 23:31:45,060 [INFO] [save_profile_btn] Found Levenshtein match: 'btn_save_profile' (dist=1)
2025-12-17 23:31:45,074 [INFO] [save_profile_btn] healing successful
2025-12-17 23:31:45,074 [INFO] [Performance] Method=Levenshtein, Time=0.1149s, Scanned=12, Success=True
2025-12-17 23:31:45,074 [INFO] [save_profile_btn] Healed locator: id=btn_save_profile (Levenshtein (dist=1))
2025-12-17 23:31:45,198 [INFO] --- SCENARIO 2: E-COMMERCE (Levenshtein) ---
2025-12-17 23:31:45,198 [INFO] Navigating to file:///E:\Advance_Masters_Project\My_AutoHeal\page_ecommerce.html
2025-12-17 23:31:45,243 [INFO] [search_box] Using initial locator: id=search_box_v
2025-12-17 23:31:55,665 [WARNING] [search_box] Primary locator failed: id=search_box_v (TimeoutException)
2025-12-17 23:31:55,665 [INFO] [search_box] (Levenshtein) Healing attempt for id=search_box_v
2025-12-17 23:31:55,714 [INFO] [search_box] Found Levenshtein match: 'search_box_v2' (dist=1)
2025-12-17 23:31:55,732 [INFO] [search_box] healing successful
2025-12-17 23:31:55,732 [INFO] [Performance] Method=Levenshtein, Time=0.0671s, Scanned=7, Success=True
2025-12-17 23:31:55,732 [INFO] [search_box] Healed locator: id=search_box_v2 (Levenshtein (dist=1))
2025-12-17 23:31:55,816 [INFO] [add_laptop] Using initial locator: id=add_cart_laptop
2025-12-17 23:32:06,265 [WARNING] [add_laptop] Primary locator failed: id=add_cart_laptop (TimeoutException)
2025-12-17 23:32:06,265 [INFO] [add_laptop] (Levenshtein) Healing attempt for id=add_cart_laptop
2025-12-17 23:32:06,330 [INFO] [add_laptop] Found Levenshtein match: 'add_to_cart_laptop' (dist=3)
2025-12-17 23:32:06,340 [INFO] [add_laptop] healing successful
2025-12-17 23:32:06,340 [INFO] [Performance] Method=Levenshtein, Time=0.0755s, Scanned=7, Success=True
2025-12-17 23:32:06,340 [INFO] [add_laptop] Healed locator: id=add_to_cart_laptop (Levenshtein (dist=3))
2025-12-17 23:32:06,446 [INFO] [checkout_btn] Using initial locator: id=checkout_nw
2025-12-17 23:32:16,825 [WARNING] [checkout_btn] Primary locator failed: id=checkout_nw (TimeoutException)
2025-12-17 23:32:16,825 [INFO] [checkout_btn] (Levenshtein) Healing attempt for id=checkout_nw
2025-12-17 23:32:16,884 [INFO] [checkout_btn] Found Levenshtein match: 'checkout_now' (dist=1)
2025-12-17 23:32:16,906 [INFO] [checkout_btn] healing successful
2025-12-17 23:32:16,906 [INFO] [Performance] Method=Levenshtein, Time=0.0804s, Scanned=7, Success=True
2025-12-17 23:32:16,906 [INFO] [checkout_btn] Healed locator: id=checkout_now (Levenshtein (dist=1))
2025-12-17 23:32:16,997 [INFO] --- SCENARIO 3: BLOG (Levenshtein) ---
2025-12-17 23:32:16,997 [INFO] Navigating to file:///E:\Advance_Masters_Project\My_AutoHeal\page_blog.html
2025-12-17 23:32:17,038 [INFO] [read_more] Using initial locator: id=read_more_lnk
2025-12-17 23:32:27,362 [WARNING] [read_more] Primary locator failed: id=read_more_lnk (TimeoutException)
2025-12-17 23:32:27,362 [INFO] [read_more] (Levenshtein) Healing attempt for id=read_more_lnk
2025-12-17 23:32:27,418 [INFO] [read_more] Found Levenshtein match: 'read_more_link' (dist=1)
2025-12-17 23:32:27,430 [INFO] [read_more] healing successful
2025-12-17 23:32:27,430 [INFO] [Performance] Method=Levenshtein, Time=0.0678s, Scanned=8, Success=True
2025-12-17 23:32:27,430 [INFO] [read_more] Healed locator: id=read_more_link (Levenshtein (dist=1))
2025-12-17 23:32:27,541 [INFO] [comment_box] Using initial locator: id=cmmnt_box
2025-12-17 23:32:37,910 [WARNING] [comment_box] Primary locator failed: id=cmmnt_box (TimeoutException)
2025-12-17 23:32:37,912 [INFO] [comment_box] (Levenshtein) Healing attempt for id=cmmnt_box
2025-12-17 23:32:37,971 [INFO] [comment_box] Found Levenshtein match: 'comment_box' (dist=2)
2025-12-17 23:32:37,982 [INFO] [comment_box] healing successful
2025-12-17 23:32:37,982 [INFO] [Performance] Method=Levenshtein, Time=0.0706s, Scanned=8, Success=True
2025-12-17 23:32:37,983 [INFO] [comment_box] Healed locator: id=comment_box (Levenshtein (dist=2))
2025-12-17 23:32:38,062 [INFO] [post_comment] Using initial locator: id=post_commnt_btn
2025-12-17 23:32:48,479 [WARNING] [post_comment] Primary locator failed: id=post_commnt_btn (TimeoutException)
2025-12-17 23:32:48,479 [INFO] [post_comment] (Levenshtein) Healing attempt for id=post_commnt_btn
2025-12-17 23:32:48,537 [INFO] [post_comment] Found Levenshtein match: 'post_comment_btn' (dist=1)
2025-12-17 23:32:48,546 [INFO] [post_comment] healing successful
2025-12-17 23:32:48,546 [INFO] [Performance] Method=Levenshtein, Time=0.0669s, Scanned=8, Success=True
2025-12-17 23:32:48,546 [INFO] [post_comment] Healed locator: id=post_comment_btn (Levenshtein (dist=1))
2025-12-17 23:32:48,648 [INFO] --- SCENARIO 4: DASHBOARD (Levenshtein) ---
2025-12-17 23:32:48,648 [INFO] Navigating to file:///E:\Advance_Masters_Project\My_AutoHeal\page_dashboard.html
2025-12-17 23:32:48,681 [INFO] [update_settings] Using initial locator: id=update_settngs_btn
2025-12-17 23:32:59,024 [WARNING] [update_settings] Primary locator failed: id=update_settngs_btn (TimeoutException)
2025-12-17 23:32:59,024 [INFO] [update_settings] (Levenshtein) Healing attempt for id=update_settngs_btn
2025-12-17 23:32:59,072 [INFO] [update_settings] Found Levenshtein match: 'update_settings_btn' (dist=1)
2025-12-17 23:32:59,084 [INFO] [update_settings] healing successful
2025-12-17 23:32:59,084 [INFO] [Performance] Method=Levenshtein, Time=0.0600s, Scanned=6, Success=True
2025-12-17 23:32:59,084 [INFO] [update_settings] Healed locator: id=update_settings_btn (Levenshtein (dist=1))
2025-12-17 23:32:59,187 [INFO] [toggle_dark] Using initial locator: id=togle_dark_mode
2025-12-17 23:33:09,598 [WARNING] [toggle_dark] Primary locator failed: id=togle_dark_mode (TimeoutException)
2025-12-17 23:33:09,598 [INFO] [toggle_dark] (Levenshtein) Healing attempt for id=togle_dark_mode
2025-12-17 23:33:09,645 [INFO] [toggle_dark] Found Levenshtein match: 'toggle_dark_mode' (dist=1)
2025-12-17 23:33:09,648 [INFO] [toggle_dark] healing successful
2025-12-17 23:33:09,648 [INFO] [Performance] Method=Levenshtein, Time=0.0504s, Scanned=6, Success=True
2025-12-17 23:33:09,648 [INFO] [toggle_dark] Healed locator: id=toggle_dark_mode (Levenshtein (dist=1))
2025-12-17 23:33:09,761 [INFO] --- SCENARIO 5: CONTACT (Levenshtein) ---
2025-12-17 23:33:09,762 [INFO] Navigating to file:///E:\Advance_Masters_Project\My_AutoHeal\page_contact.html
2025-12-17 23:33:09,795 [INFO] [contact_name] Using initial locator: id=cntact_name
2025-12-17 23:33:20,136 [WARNING] [contact_name] Primary locator failed: id=cntact_name (TimeoutException)
2025-12-17 23:33:20,136 [INFO] [contact_name] (Levenshtein) Healing attempt for id=cntact_name
2025-12-17 23:33:20,170 [INFO] [contact_name] Found Levenshtein match: 'contact_name' (dist=1)
2025-12-17 23:33:20,179 [INFO] [contact_name] healing successful
2025-12-17 23:33:20,179 [INFO] [Performance] Method=Levenshtein, Time=0.0430s, Scanned=4, Success=True
2025-12-17 23:33:20,179 [INFO] [contact_name] Healed locator: id=contact_name (Levenshtein (dist=1))
2025-12-17 23:33:20,266 [INFO] [send_btn] Using initial locator: id=send_msg_btn
2025-12-17 23:33:30,574 [WARNING] [send_btn] Primary locator failed: id=send_msg_btn (TimeoutException)
2025-12-17 23:33:30,574 [INFO] [send_btn] (Levenshtein) Healing attempt for id=send_msg_btn
2025-12-17 23:33:30,610 [INFO] [send_btn] Found Levenshtein match: 'send_message_btn' (dist=4)
2025-12-17 23:33:30,623 [INFO] [send_btn] healing successful
2025-12-17 23:33:30,623 [INFO] [Performance] Method=Levenshtein, Time=0.0487s, Scanned=4, Success=True
2025-12-17 23:33:30,623 [INFO] [send_btn] Healed locator: id=send_message_btn (Levenshtein (dist=4))
2025-12-18 02:24:01,618 [INFO] --- SCENARIO 1: LOGIN (Levenshtein) ---
2025-12-18 02:24:01,618 [INFO] Navigating to file:///E:\Advance_Masters_Project\My_AutoHeal\index.html
2025-12-18 02:24:01,695 [INFO] [login_button] Using initial locator: id=login-btn-prmary
2025-12-18 02:24:12,100 [WARNING] [login_button] Primary locator failed: id=login-btn-prmary (TimeoutException)
2025-12-18 02:24:12,104 [INFO] [login_button] (Levenshtein) Healing attempt for id=login-btn-prmary
2025-12-18 02:24:12,189 [INFO] [login_button] Found Levenshtein match: 'login1212btn-p]rimary' (dist=6)
2025-12-18 02:24:12,197 [INFO] [login_button] healing successful
2025-12-18 02:24:12,197 [INFO] [Performance] Method=Levenshtein, Time=0.0935s, Scanned=12, Success=True
2025-12-18 02:24:12,197 [INFO] [login_button] Healed locator: id=login1212btn-p]rimary (Levenshtein (dist=6))
2025-12-18 02:24:12,309 [INFO] [delete_alice_btn] Using initial locator: id=delete-alice-btn-prim
2025-12-18 02:24:22,761 [WARNING] [delete_alice_btn] Primary locator failed: id=delete-alice-btn-prim (TimeoutException)
2025-12-18 02:24:22,761 [INFO] [delete_alice_btn] (Levenshtein) Healing attempt for id=delete-alice-btn-prim
2025-12-18 02:24:22,835 [INFO] [delete_alice_btn] Found Levenshtein match: 'delete-alice-btn-primary' (dist=3)
2025-12-18 02:24:22,844 [INFO] [delete_alice_btn] healing successful
2025-12-18 02:24:22,844 [INFO] [Performance] Method=Levenshtein, Time=0.0828s, Scanned=12, Success=True
2025-12-18 02:24:22,844 [INFO] [delete_alice_btn] Healed locator: id=delete-alice-btn-primary (Levenshtein (dist=3))
2025-12-18 02:24:22,942 [INFO] [profile_email_input] Using initial locator: id=profile_emal
2025-12-18 02:24:33,349 [WARNING] [profile_email_input] Primary locator failed: id=profile_emal (TimeoutException)
2025-12-18 02:24:33,349 [INFO] [profile_email_input] (Levenshtein) Healing attempt for id=profile_emal
2025-12-18 02:24:33,432 [INFO] [profile_email_input] Found Levenshtein match: 'profile_email' (dist=1)
2025-12-18 02:24:33,441 [INFO] [profile_email_input] healing successful
2025-12-18 02:24:33,441 [INFO] [Performance] Method=Levenshtein, Time=0.0927s, Scanned=12, Success=True
2025-12-18 02:24:33,441 [INFO] [profile_email_input] Healed locator: id=profile_email (Levenshtein (dist=1))
2025-12-18 02:24:33,556 [INFO] [save_profile_btn] Using initial locator: id=btn_save_prfile
2025-12-18 02:24:44,044 [WARNING] [save_profile_btn] Primary locator failed: id=btn_save_prfile (TimeoutException)
2025-12-18 02:24:44,044 [INFO] [save_profile_btn] (Levenshtein) Healing attempt for id=btn_save_prfile
2025-12-18 02:24:44,113 [INFO] [save_profile_btn] Found Levenshtein match: 'btn_save_profile' (dist=1)
2025-12-18 02:24:44,126 [INFO] [save_profile_btn] healing successful
2025-12-18 02:24:44,126 [INFO] [Performance] Method=Levenshtein, Time=0.0819s, Scanned=12, Success=True
2025-12-18 02:24:44,127 [INFO] [save_profile_btn] Healed locator: id=btn_save_profile (Levenshtein (dist=1))
2025-12-18 02:24:44,226 [INFO] --- SCENARIO 2: E-COMMERCE (Levenshtein) ---
2025-12-18 02:24:44,227 [INFO] Navigating to file:///E:\Advance_Masters_Project\My_AutoHeal\page_ecommerce.html
2025-12-18 02:24:44,264 [INFO] [search_box] Using initial locator: id=search_box_v
2025-12-18 02:24:54,729 [WARNING] [search_box] Primary locator failed: id=search_box_v (TimeoutException)
2025-12-18 02:24:54,729 [INFO] [search_box] (Levenshtein) Healing attempt for id=search_box_v
2025-12-18 02:24:54,780 [INFO] [search_box] Found Levenshtein match: 'search_box_v2' (dist=1)
2025-12-18 02:24:54,790 [INFO] [search_box] healing successful
2025-12-18 02:24:54,790 [INFO] [Performance] Method=Levenshtein, Time=0.0610s, Scanned=7, Success=True
2025-12-18 02:24:54,790 [INFO] [search_box] Healed locator: id=search_box_v2 (Levenshtein (dist=1))
2025-12-18 02:24:54,895 [INFO] [add_laptop] Using initial locator: id=add_cart_laptop
2025-12-18 02:25:05,350 [WARNING] [add_laptop] Primary locator failed: id=add_cart_laptop (TimeoutException)
2025-12-18 02:25:05,350 [INFO] [add_laptop] (Levenshtein) Healing attempt for id=add_cart_laptop
2025-12-18 02:25:05,411 [INFO] [add_laptop] Found Levenshtein match: 'add_to_cart_laptop' (dist=3)
2025-12-18 02:25:05,426 [INFO] [add_laptop] healing successful
2025-12-18 02:25:05,426 [INFO] [Performance] Method=Levenshtein, Time=0.0761s, Scanned=7, Success=True
2025-12-18 02:25:05,426 [INFO] [add_laptop] Healed locator: id=add_to_cart_laptop (Levenshtein (dist=3))
2025-12-18 02:25:05,528 [INFO] [checkout_btn] Using initial locator: id=checkout_nw
2025-12-18 02:25:15,910 [WARNING] [checkout_btn] Primary locator failed: id=checkout_nw (TimeoutException)
2025-12-18 02:25:15,910 [INFO] [checkout_btn] (Levenshtein) Healing attempt for id=checkout_nw
2025-12-18 02:25:15,972 [INFO] [checkout_btn] Found Levenshtein match: 'checkout_now' (dist=1)
2025-12-18 02:25:15,982 [INFO] [checkout_btn] healing successful
2025-12-18 02:25:15,982 [INFO] [Performance] Method=Levenshtein, Time=0.0728s, Scanned=7, Success=True
2025-12-18 02:25:15,982 [INFO] [checkout_btn] Healed locator: id=checkout_now (Levenshtein (dist=1))
2025-12-18 02:25:16,087 [INFO] --- SCENARIO 3: BLOG (Levenshtein) ---
2025-12-18 02:25:16,088 [INFO] Navigating to file:///E:\Advance_Masters_Project\My_AutoHeal\page_blog.html
2025-12-18 02:25:16,123 [INFO] [read_more] Using initial locator: id=read_more_lnk
2025-12-18 02:25:26,140 [WARNING] [read_more] Primary locator failed: id=read_more_lnk (TimeoutException)
2025-12-18 02:25:26,140 [INFO] [read_more] (Levenshtein) Healing attempt for id=read_more_lnk
2025-12-18 02:25:26,197 [INFO] [read_more] Found Levenshtein match: 'read_more_link' (dist=1)
2025-12-18 02:25:26,206 [INFO] [read_more] healing successful
2025-12-18 02:25:26,206 [INFO] [Performance] Method=Levenshtein, Time=0.0660s, Scanned=8, Success=True
2025-12-18 02:25:26,206 [INFO] [read_more] Healed locator: id=read_more_link (Levenshtein (dist=1))
2025-12-18 02:25:26,321 [INFO] [comment_box] Using initial locator: id=cmmnt_box
2025-12-18 02:25:36,742 [WARNING] [comment_box] Primary locator failed: id=cmmnt_box (TimeoutException)
2025-12-18 02:25:36,742 [INFO] [comment_box] (Levenshtein) Healing attempt for id=cmmnt_box
2025-12-18 02:25:36,803 [INFO] [comment_box] Found Levenshtein match: 'comment_box' (dist=2)
2025-12-18 02:25:36,812 [INFO] [comment_box] healing successful
2025-12-18 02:25:36,812 [INFO] [Performance] Method=Levenshtein, Time=0.0700s, Scanned=8, Success=True
2025-12-18 02:25:36,812 [INFO] [comment_box] Healed locator: id=comment_box (Levenshtein (dist=2))
2025-12-18 02:25:36,913 [INFO] [post_comment] Using initial locator: id=post_commnt_btn
2025-12-18 02:25:47,306 [WARNING] [post_comment] Primary locator failed: id=post_commnt_btn (TimeoutException)
2025-12-18 02:25:47,306 [INFO] [post_comment] (Levenshtein) Healing attempt for id=post_commnt_btn
2025-12-18 02:25:47,384 [INFO] [post_comment] Found Levenshtein match: 'post_comment_btn' (dist=1)
2025-12-18 02:25:47,393 [INFO] [post_comment] healing successful
2025-12-18 02:25:47,394 [INFO] [Performance] Method=Levenshtein, Time=0.0882s, Scanned=8, Success=True
2025-12-18 02:25:47,394 [INFO] [post_comment] Healed locator: id=post_comment_btn (Levenshtein (dist=1))
2025-12-18 02:25:47,493 [INFO] --- SCENARIO 4: DASHBOARD (Levenshtein) ---
2025-12-18 02:25:47,493 [INFO] Navigating to file:///E:\Advance_Masters_Project\My_AutoHeal\page_dashboard.html
2025-12-18 02:25:47,528 [INFO] [update_settings] Using initial locator: id=update_settngs_btn
2025-12-18 02:25:58,050 [WARNING] [update_settings] Primary locator failed: id=update_settngs_btn (TimeoutException)
2025-12-18 02:25:58,050 [INFO] [update_settings] (Levenshtein) Healing attempt for id=update_settngs_btn
2025-12-18 02:25:58,094 [INFO] [update_settings] Found Levenshtein match: 'update_settings_btn' (dist=1)
2025-12-18 02:25:58,103 [INFO] [update_settings] healing successful
2025-12-18 02:25:58,104 [INFO] [Performance] Method=Levenshtein, Time=0.0538s, Scanned=6, Success=True
2025-12-18 02:25:58,104 [INFO] [update_settings] Healed locator: id=update_settings_btn (Levenshtein (dist=1))
2025-12-18 02:25:58,203 [INFO] [toggle_dark] Using initial locator: id=togle_dark_mode
2025-12-18 02:26:08,611 [WARNING] [toggle_dark] Primary locator failed: id=togle_dark_mode (TimeoutException)
2025-12-18 02:26:08,611 [INFO] [toggle_dark] (Levenshtein) Healing attempt for id=togle_dark_mode
2025-12-18 02:26:08,660 [INFO] [toggle_dark] Found Levenshtein match: 'toggle_dark_mode' (dist=1)
2025-12-18 02:26:08,663 [INFO] [toggle_dark] healing successful
2025-12-18 02:26:08,663 [INFO] [Performance] Method=Levenshtein, Time=0.0522s, Scanned=6, Success=True
2025-12-18 02:26:08,663 [INFO] [toggle_dark] Healed locator: id=toggle_dark_mode (Levenshtein (dist=1))
2025-12-18 02:26:08,767 [INFO] --- SCENARIO 5: CONTACT (Levenshtein) ---
2025-12-18 02:26:08,767 [INFO] Navigating to file:///E:\Advance_Masters_Project\My_AutoHeal\page_contact.html
2025-12-18 02:26:08,796 [INFO] [contact_name] Using initial locator: id=cntact_name
2025-12-18 02:26:19,240 [WARNING] [contact_name] Primary locator failed: id=cntact_name (TimeoutException)
2025-12-18 02:26:19,240 [INFO] [contact_name] (Levenshtein) Healing attempt for id=cntact_name
2025-12-18 02:26:19,288 [INFO] [contact_name] Found Levenshtein match: 'contact_name' (dist=1)
2025-12-18 02:26:19,298 [INFO] [contact_name] healing successful
2025-12-18 02:26:19,302 [INFO] [Performance] Method=Levenshtein, Time=0.0619s, Scanned=4, Success=True
2025-12-18 02:26:19,302 [INFO] [contact_name] Healed locator: id=contact_name (Levenshtein (dist=1))
2025-12-18 02:26:19,405 [INFO] [send_btn] Using initial locator: id=send_msg_btn
2025-12-18 02:26:29,854 [WARNING] [send_btn] Primary locator failed: id=send_msg_btn (TimeoutException)
2025-12-18 02:26:29,854 [INFO] [send_btn] (Levenshtein) Healing attempt for id=send_msg_btn
2025-12-18 02:26:29,884 [INFO] [send_btn] Found Levenshtein match: 'send_message_btn' (dist=4)
2025-12-18 02:26:29,901 [INFO] [send_btn] healing successful
2025-12-18 02:26:29,901 [INFO] [Performance] Method=Levenshtein, Time=0.0468s, Scanned=4, Success=True
2025-12-18 02:26:29,901 [INFO] [send_btn] Healed locator: id=send_message_btn (Levenshtein (dist=4))
2025-12-26 06:23:39,502 [INFO] --- SCENARIO 1: LOGIN (Levenshtein) ---
2025-12-26 06:23:39,504 [INFO] Navigating to file:///C:\Users\zubai\Documents\My_AutoHeal\index.html
2025-12-26 06:23:39,726 [INFO] [login_button] Using initial locator: id=login-btn-prmary
2025-12-26 06:23:49,732 [WARNING] [login_button] Primary locator failed: id=login-btn-prmary (TimeoutException)
2025-12-26 06:23:49,732 [INFO] [login_button] (Levenshtein) Healing attempt for id=login-btn-prmary
2025-12-26 06:23:49,907 [INFO] [login_button] Found Levenshtein match: 'login1212btn-p]rimary' (dist=6)
2025-12-26 06:23:49,926 [INFO] [login_button] healing successful
2025-12-26 06:23:49,926 [INFO] [Performance] Method=Levenshtein, Time=0.1933s, Scanned=12, Success=True
2025-12-26 06:23:49,926 [INFO] [login_button] Healed locator: id=login1212btn-p]rimary (Levenshtein (dist=6))
2025-12-26 06:23:50,161 [INFO] [delete_alice_btn] Using initial locator: id=delete-alice-btn-prim
2025-12-26 06:24:00,180 [WARNING] [delete_alice_btn] Primary locator failed: id=delete-alice-btn-prim (TimeoutException)
2025-12-26 06:24:00,180 [INFO] [delete_alice_btn] (Levenshtein) Healing attempt for id=delete-alice-btn-prim
2025-12-26 06:24:00,344 [INFO] [delete_alice_btn] Found Levenshtein match: 'delete-alice-btn-primary' (dist=3)
2025-12-26 06:24:00,363 [INFO] [delete_alice_btn] healing successful
2025-12-26 06:24:00,363 [INFO] [Performance] Method=Levenshtein, Time=0.1828s, Scanned=12, Success=True
2025-12-26 06:24:00,363 [INFO] [delete_alice_btn] Healed locator: id=delete-alice-btn-primary (Levenshtein (dist=3))
2025-12-26 06:24:00,579 [INFO] [profile_email_input] Using initial locator: id=profile_emal
2025-12-26 06:24:10,580 [WARNING] [profile_email_input] Primary locator failed: id=profile_emal (TimeoutException)
2025-12-26 06:24:10,580 [INFO] [profile_email_input] (Levenshtein) Healing attempt for id=profile_emal
2025-12-26 06:24:10,744 [INFO] [profile_email_input] Found Levenshtein match: 'profile_email' (dist=1)
2025-12-26 06:24:10,764 [INFO] [profile_email_input] healing successful
2025-12-26 06:24:10,765 [INFO] [Performance] Method=Levenshtein, Time=0.1846s, Scanned=12, Success=True
2025-12-26 06:24:10,765 [INFO] [profile_email_input] Healed locator: id=profile_email (Levenshtein (dist=1))
2025-12-26 06:24:11,039 [INFO] [save_profile_btn] Using initial locator: id=btn_save_prfile
2025-12-26 06:24:21,541 [WARNING] [save_profile_btn] Primary locator failed: id=btn_save_prfile (TimeoutException)
2025-12-26 06:24:21,541 [INFO] [save_profile_btn] (Levenshtein) Healing attempt for id=btn_save_prfile
2025-12-26 06:24:21,707 [INFO] [save_profile_btn] Found Levenshtein match: 'btn_save_profile' (dist=1)
2025-12-26 06:24:21,728 [INFO] [save_profile_btn] healing successful
2025-12-26 06:24:21,728 [INFO] [Performance] Method=Levenshtein, Time=0.1868s, Scanned=12, Success=True
2025-12-26 06:24:21,728 [INFO] [save_profile_btn] Healed locator: id=btn_save_profile (Levenshtein (dist=1))
2025-12-26 06:24:21,948 [INFO] --- SCENARIO 2: E-COMMERCE (Levenshtein) ---
2025-12-26 06:24:21,949 [INFO] Navigating to file:///C:\Users\zubai\Documents\My_AutoHeal\page_ecommerce.html
2025-12-26 06:24:22,008 [INFO] [search_box] Using initial locator: id=search_box_v
2025-12-26 06:24:32,053 [WARNING] [search_box] Primary locator failed: id=search_box_v (TimeoutException)
2025-12-26 06:24:32,053 [INFO] [search_box] (Levenshtein) Healing attempt for id=search_box_v
2025-12-26 06:24:32,153 [INFO] [search_box] Found Levenshtein match: 'search_box_v2' (dist=1)
2025-12-26 06:24:32,172 [INFO] [search_box] healing successful
2025-12-26 06:24:32,172 [INFO] [Performance] Method=Levenshtein, Time=0.1196s, Scanned=7, Success=True
2025-12-26 06:24:32,172 [INFO] [search_box] Healed locator: id=search_box_v2 (Levenshtein (dist=1))
2025-12-26 06:24:32,409 [INFO] [add_laptop] Using initial locator: id=add_cart_laptop
2025-12-26 06:24:42,917 [WARNING] [add_laptop] Primary locator failed: id=add_cart_laptop (TimeoutException)
2025-12-26 06:24:42,918 [INFO] [add_laptop] (Levenshtein) Healing attempt for id=add_cart_laptop
2025-12-26 06:24:43,007 [INFO] [add_laptop] Found Levenshtein match: 'add_to_cart_laptop' (dist=3)
2025-12-26 06:24:43,024 [INFO] [add_laptop] healing successful
2025-12-26 06:24:43,024 [INFO] [Performance] Method=Levenshtein, Time=0.1067s, Scanned=7, Success=True
2025-12-26 06:24:43,024 [INFO] [add_laptop] Healed locator: id=add_to_cart_laptop (Levenshtein (dist=3))
2025-12-26 06:24:43,209 [INFO] [checkout_btn] Using initial locator: id=checkout_nw
2025-12-26 06:24:53,680 [WARNING] [checkout_btn] Primary locator failed: id=checkout_nw (TimeoutException)
2025-12-26 06:24:53,681 [INFO] [checkout_btn] (Levenshtein) Healing attempt for id=checkout_nw
2025-12-26 06:24:53,773 [INFO] [checkout_btn] Found Levenshtein match: 'checkout_now' (dist=1)
2025-12-26 06:24:53,789 [INFO] [checkout_btn] healing successful
2025-12-26 06:24:53,790 [INFO] [Performance] Method=Levenshtein, Time=0.1089s, Scanned=7, Success=True
2025-12-26 06:24:53,790 [INFO] [checkout_btn] Healed locator: id=checkout_now (Levenshtein (dist=1))
2025-12-26 06:24:53,975 [INFO] --- SCENARIO 3: BLOG (Levenshtein) ---
2025-12-26 06:24:53,976 [INFO] Navigating to file:///C:\Users\zubai\Documents\My_AutoHeal\page_blog.html
2025-12-26 06:24:54,046 [INFO] [read_more] Using initial locator: id=read_more_lnk
2025-12-26 06:25:04,515 [WARNING] [read_more] Primary locator failed: id=read_more_lnk (TimeoutException)
2025-12-26 06:25:04,516 [INFO] [read_more] (Levenshtein) Healing attempt for id=read_more_lnk
2025-12-26 06:25:04,629 [INFO] [read_more] Found Levenshtein match: 'read_more_link' (dist=1)
2025-12-26 06:25:04,652 [INFO] [read_more] healing successful
2025-12-26 06:25:04,652 [INFO] [Performance] Method=Levenshtein, Time=0.1364s, Scanned=8, Success=True
2025-12-26 06:25:04,652 [INFO] [read_more] Healed locator: id=read_more_link (Levenshtein (dist=1))
2025-12-26 06:25:04,909 [INFO] [comment_box] Using initial locator: id=cmmnt_box
2025-12-26 06:25:15,325 [WARNING] [comment_box] Primary locator failed: id=cmmnt_box (TimeoutException)
2025-12-26 06:25:15,325 [INFO] [comment_box] (Levenshtein) Healing attempt for id=cmmnt_box
2025-12-26 06:25:15,428 [INFO] [comment_box] Found Levenshtein match: 'comment_box' (dist=2)
2025-12-26 06:25:15,448 [INFO] [comment_box] healing successful
2025-12-26 06:25:15,448 [INFO] [Performance] Method=Levenshtein, Time=0.1232s, Scanned=8, Success=True
2025-12-26 06:25:15,448 [INFO] [comment_box] Healed locator: id=comment_box (Levenshtein (dist=2))
2025-12-26 06:25:15,621 [INFO] [post_comment] Using initial locator: id=post_commnt_btn
2025-12-26 06:25:25,945 [WARNING] [post_comment] Primary locator failed: id=post_commnt_btn (TimeoutException)
2025-12-26 06:25:25,945 [INFO] [post_comment] (Levenshtein) Healing attempt for id=post_commnt_btn
2025-12-26 06:25:26,044 [INFO] [post_comment] Found Levenshtein match: 'post_comment_btn' (dist=1)
2025-12-26 06:25:26,063 [INFO] [post_comment] healing successful
2025-12-26 06:25:26,063 [INFO] [Performance] Method=Levenshtein, Time=0.1179s, Scanned=8, Success=True
2025-12-26 06:25:26,063 [INFO] [post_comment] Healed locator: id=post_comment_btn (Levenshtein (dist=1))
2025-12-26 06:25:26,288 [INFO] --- SCENARIO 4: DASHBOARD (Levenshtein) ---
2025-12-26 06:25:26,288 [INFO] Navigating to file:///C:\Users\zubai\Documents\My_AutoHeal\page_dashboard.html
2025-12-26 06:25:26,329 [INFO] [update_settings] Using initial locator: id=update_settngs_btn
2025-12-26 06:25:36,632 [WARNING] [update_settings] Primary locator failed: id=update_settngs_btn (TimeoutException)
2025-12-26 06:25:36,633 [INFO] [update_settings] (Levenshtein) Healing attempt for id=update_settngs_btn
2025-12-26 06:25:36,711 [INFO] [update_settings] Found Levenshtein match: 'update_settings_btn' (dist=1)
2025-12-26 06:25:36,730 [INFO] [update_settings] healing successful
2025-12-26 06:25:36,730 [INFO] [Performance] Method=Levenshtein, Time=0.0971s, Scanned=6, Success=True
2025-12-26 06:25:36,730 [INFO] [update_settings] Healed locator: id=update_settings_btn (Levenshtein (dist=1))
2025-12-26 06:25:36,932 [INFO] [toggle_dark] Using initial locator: id=togle_dark_mode
2025-12-26 06:25:47,269 [WARNING] [toggle_dark] Primary locator failed: id=togle_dark_mode (TimeoutException)
2025-12-26 06:25:47,269 [INFO] [toggle_dark] (Levenshtein) Healing attempt for id=togle_dark_mode
2025-12-26 06:25:47,346 [INFO] [toggle_dark] Found Levenshtein match: 'toggle_dark_mode' (dist=1)
2025-12-26 06:25:47,364 [INFO] [toggle_dark] healing successful
2025-12-26 06:25:47,364 [INFO] [Performance] Method=Levenshtein, Time=0.0945s, Scanned=6, Success=True
2025-12-26 06:25:47,364 [INFO] [toggle_dark] Healed locator: id=toggle_dark_mode (Levenshtein (dist=1))
2025-12-26 06:25:47,599 [INFO] --- SCENARIO 5: CONTACT (Levenshtein) ---
2025-12-26 06:25:47,600 [INFO] Navigating to file:///C:\Users\zubai\Documents\My_AutoHeal\page_contact.html
2025-12-26 06:25:47,647 [INFO] [contact_name] Using initial locator: id=cntact_name
2025-12-26 06:25:58,132 [WARNING] [contact_name] Primary locator failed: id=cntact_name (TimeoutException)
2025-12-26 06:25:58,132 [INFO] [contact_name] (Levenshtein) Healing attempt for id=cntact_name
2025-12-26 06:25:58,190 [INFO] [contact_name] Found Levenshtein match: 'contact_name' (dist=1)
2025-12-26 06:25:58,211 [INFO] [contact_name] healing successful
2025-12-26 06:25:58,211 [INFO] [Performance] Method=Levenshtein, Time=0.0788s, Scanned=4, Success=True
2025-12-26 06:25:58,211 [INFO] [contact_name] Healed locator: id=contact_name (Levenshtein (dist=1))
2025-12-26 06:25:58,372 [INFO] [send_btn] Using initial locator: id=send_msg_btn
2025-12-26 06:26:08,866 [WARNING] [send_btn] Primary locator failed: id=send_msg_btn (TimeoutException)
2025-12-26 06:26:08,866 [INFO] [send_btn] (Levenshtein) Healing attempt for id=send_msg_btn
2025-12-26 06:26:08,923 [INFO] [send_btn] Found Levenshtein match: 'send_message_btn' (dist=4)
2025-12-26 06:26:08,942 [INFO] [send_btn] healing successful
2025-12-26 06:26:08,942 [INFO] [Performance] Method=Levenshtein, Time=0.0764s, Scanned=4, Success=True
2025-12-26 06:26:08,942 [INFO] [send_btn] Healed locator: id=send_message_btn (Levenshtein (dist=4))
2025-12-26 06:30:02,840 [INFO] --- SCENARIO 1: LOGIN (Levenshtein) ---
2025-12-26 06:30:02,840 [INFO] Navigating to file:///C:\Users\zubai\Documents\My_AutoHeal\index.html
2025-12-26 06:30:03,118 [INFO] [login_button] Using initial locator: id=login-btn-prmary
2025-12-26 07:06:39,914 [INFO] --- SCENARIO 1: LOGIN (Levenshtein) ---
2025-12-26 07:06:39,915 [INFO] Navigating to file:///C:\Users\zubai\Documents\My_AutoHeal\index.html
2025-12-26 07:06:40,255 [INFO] [login_button] Using initial locator: id=login-btn-prmary
2025-12-26 07:06:50,775 [WARNING] [login_button] Primary locator failed: id=login-btn-prmary (TimeoutException)
2025-12-26 07:06:50,775 [INFO] [login_button] (Levenshtein) Healing attempt for id=login-btn-prmary
2025-12-26 07:06:50,872 [INFO] [login_button] Found Levenshtein match: 'login-btn-primary' (dist=1)
2025-12-26 07:06:50,890 [INFO] [login_button] healing successful
2025-12-26 07:06:50,890 [INFO] [Performance] Method=Levenshtein, Time=0.1146s, Scanned=6, Success=True
2025-12-26 07:06:50,890 [INFO] [login_button] Healed locator: id=login-btn-primary (Levenshtein (dist=1))
2025-12-26 07:06:51,160 [INFO] [delete_alice_btn] Using initial locator: id=delete-alice-btn-prim
2025-12-26 07:07:01,625 [WARNING] [delete_alice_btn] Primary locator failed: id=delete-alice-btn-prim (TimeoutException)
2025-12-26 07:07:01,625 [INFO] [delete_alice_btn] (Levenshtein) Healing attempt for id=delete-alice-btn-prim
2025-12-26 07:07:01,716 [INFO] [delete_alice_btn] Found Levenshtein match: 'delete-alice-btn-primary' (dist=3)
2025-12-26 07:07:01,734 [INFO] [delete_alice_btn] healing successful
2025-12-26 07:07:01,734 [INFO] [Performance] Method=Levenshtein, Time=0.1086s, Scanned=6, Success=True
2025-12-26 07:07:01,734 [INFO] [delete_alice_btn] Healed locator: id=delete-alice-btn-primary (Levenshtein (dist=3))
2025-12-26 07:07:01,969 [INFO] [profile_email_input] Using initial locator: id=profile_emal
2025-12-26 07:07:12,110 [WARNING] [profile_email_input] Primary locator failed: id=profile_emal (TimeoutException)
2025-12-26 07:07:12,110 [INFO] [profile_email_input] (Levenshtein) Healing attempt for id=profile_emal
2025-12-26 07:07:12,224 [INFO] [profile_email_input] Found Levenshtein match: 'profile_email' (dist=1)
2025-12-26 07:07:12,250 [INFO] [profile_email_input] healing successful
2025-12-26 07:07:12,250 [INFO] [Performance] Method=Levenshtein, Time=0.1393s, Scanned=6, Success=True
2025-12-26 07:07:12,250 [INFO] [profile_email_input] Healed locator: id=profile_email (Levenshtein (dist=1))
2025-12-26 07:07:12,529 [INFO] [save_profile_btn] Using initial locator: id=btn_save_prfile
2025-12-26 07:07:23,057 [WARNING] [save_profile_btn] Primary locator failed: id=btn_save_prfile (TimeoutException)
2025-12-26 07:07:23,058 [INFO] [save_profile_btn] (Levenshtein) Healing attempt for id=btn_save_prfile
2025-12-26 07:07:23,172 [INFO] [save_profile_btn] Found Levenshtein match: 'btn_save_profile' (dist=1)
2025-12-26 07:07:23,193 [INFO] [save_profile_btn] healing successful
2025-12-26 07:07:23,193 [INFO] [Performance] Method=Levenshtein, Time=0.1354s, Scanned=6, Success=True
2025-12-26 07:07:23,193 [INFO] [save_profile_btn] Healed locator: id=btn_save_profile (Levenshtein (dist=1))
2025-12-26 07:07:23,411 [INFO] --- SCENARIO 2: E-COMMERCE (Levenshtein) ---
2025-12-26 07:07:23,411 [INFO] Navigating to file:///C:\Users\zubai\Documents\My_AutoHeal\page_ecommerce.html
2025-12-26 07:07:23,480 [INFO] [search_box] Using initial locator: id=search_box_v
2025-12-26 07:07:33,541 [WARNING] [search_box] Primary locator failed: id=search_box_v (TimeoutException)
2025-12-26 07:07:33,542 [INFO] [search_box] (Levenshtein) Healing attempt for id=search_box_v
2025-12-26 07:07:33,596 [INFO] [search_box] Found Levenshtein match: 'search_box_v2' (dist=1)
2025-12-26 07:07:33,613 [INFO] [search_box] healing successful
2025-12-26 07:07:33,614 [INFO] [Performance] Method=Levenshtein, Time=0.0718s, Scanned=3, Success=True
2025-12-26 07:07:33,614 [INFO] [search_box] Healed locator: id=search_box_v2 (Levenshtein (dist=1))
2025-12-26 07:07:33,847 [INFO] [add_laptop] Using initial locator: id=add_cart_laptop
2025-12-26 07:07:43,881 [WARNING] [add_laptop] Primary locator failed: id=add_cart_laptop (TimeoutException)
2025-12-26 07:07:43,881 [INFO] [add_laptop] (Levenshtein) Healing attempt for id=add_cart_laptop
2025-12-26 07:07:43,934 [INFO] [add_laptop] Found Levenshtein match: 'add_to_cart_laptop' (dist=3)
2025-12-26 07:07:43,953 [INFO] [add_laptop] healing successful
2025-12-26 07:07:43,953 [INFO] [Performance] Method=Levenshtein, Time=0.0725s, Scanned=3, Success=True
2025-12-26 07:07:43,953 [INFO] [add_laptop] Healed locator: id=add_to_cart_laptop (Levenshtein (dist=3))
2025-12-26 07:07:44,166 [INFO] [checkout_btn] Using initial locator: id=checkout_nw
2025-12-26 07:07:54,177 [WARNING] [checkout_btn] Primary locator failed: id=checkout_nw (TimeoutException)
2025-12-26 07:07:54,177 [INFO] [checkout_btn] (Levenshtein) Healing attempt for id=checkout_nw
2025-12-26 07:07:54,229 [INFO] [checkout_btn] Found Levenshtein match: 'checkout_now' (dist=1)
2025-12-26 07:07:54,247 [INFO] [checkout_btn] healing successful
2025-12-26 07:07:54,247 [INFO] [Performance] Method=Levenshtein, Time=0.0698s, Scanned=3, Success=True
2025-12-26 07:07:54,247 [INFO] [checkout_btn] Healed locator: id=checkout_now (Levenshtein (dist=1))
2025-12-26 07:07:54,465 [INFO] --- SCENARIO 3: BLOG (Levenshtein) ---
2025-12-26 07:07:54,465 [INFO] Navigating to file:///C:\Users\zubai\Documents\My_AutoHeal\page_blog.html
2025-12-26 07:07:54,533 [INFO] [read_more] Using initial locator: id=read_more_lnk
2025-12-26 07:08:04,580 [WARNING] [read_more] Primary locator failed: id=read_more_lnk (TimeoutException)
2025-12-26 07:08:04,580 [INFO] [read_more] (Levenshtein) Healing attempt for id=read_more_lnk
2025-12-26 07:08:04,649 [INFO] [read_more] Found Levenshtein match: 'read_more_link' (dist=1)
2025-12-26 07:08:04,666 [INFO] [read_more] healing successful
2025-12-26 07:08:04,666 [INFO] [Performance] Method=Levenshtein, Time=0.0866s, Scanned=4, Success=True
2025-12-26 07:08:04,666 [INFO] [read_more] Healed locator: id=read_more_link (Levenshtein (dist=1))
2025-12-26 07:08:04,894 [INFO] [comment_box] Using initial locator: id=cmmnt_box
2025-12-26 07:08:14,912 [WARNING] [comment_box] Primary locator failed: id=cmmnt_box (TimeoutException)
2025-12-26 07:08:14,912 [INFO] [comment_box] (Levenshtein) Healing attempt for id=cmmnt_box
2025-12-26 07:08:14,985 [INFO] [comment_box] Found Levenshtein match: 'comment_box' (dist=2)
2025-12-26 07:08:15,006 [INFO] [comment_box] healing successful
2025-12-26 07:08:15,006 [INFO] [Performance] Method=Levenshtein, Time=0.0939s, Scanned=4, Success=True
2025-12-26 07:08:15,006 [INFO] [comment_box] Healed locator: id=comment_box (Levenshtein (dist=2))
2025-12-26 07:08:15,238 [INFO] [post_comment] Using initial locator: id=post_commnt_btn
2025-12-26 07:08:25,751 [WARNING] [post_comment] Primary locator failed: id=post_commnt_btn (TimeoutException)
2025-12-26 07:08:25,752 [INFO] [post_comment] (Levenshtein) Healing attempt for id=post_commnt_btn
2025-12-26 07:08:25,817 [INFO] [post_comment] Found Levenshtein match: 'post_comment_btn' (dist=1)
2025-12-26 07:08:25,836 [INFO] [post_comment] healing successful
2025-12-26 07:08:25,836 [INFO] [Performance] Method=Levenshtein, Time=0.0844s, Scanned=4, Success=True
2025-12-26 07:08:25,836 [INFO] [post_comment] Healed locator: id=post_comment_btn (Levenshtein (dist=1))
2025-12-26 07:08:26,061 [INFO] --- SCENARIO 4: DASHBOARD (Levenshtein) ---
2025-12-26 07:08:26,062 [INFO] Navigating to file:///C:\Users\zubai\Documents\My_AutoHeal\page_dashboard.html
2025-12-26 07:08:26,127 [INFO] [update_settings] Using initial locator: id=update_settngs_btn
2025-12-26 07:08:36,177 [WARNING] [update_settings] Primary locator failed: id=update_settngs_btn (TimeoutException)
2025-12-26 07:08:36,178 [INFO] [update_settings] (Levenshtein) Healing attempt for id=update_settngs_btn
2025-12-26 07:08:36,236 [INFO] [update_settings] Found Levenshtein match: 'update_settings_btn' (dist=1)
2025-12-26 07:08:36,258 [INFO] [update_settings] healing successful
2025-12-26 07:08:36,258 [INFO] [Performance] Method=Levenshtein, Time=0.0803s, Scanned=3, Success=True
2025-12-26 07:08:36,258 [INFO] [update_settings] Healed locator: id=update_settings_btn (Levenshtein (dist=1))
2025-12-26 07:08:36,486 [INFO] [toggle_dark] Using initial locator: id=togle_dark_mode
2025-12-26 07:08:47,006 [WARNING] [toggle_dark] Primary locator failed: id=togle_dark_mode (TimeoutException)
2025-12-26 07:08:47,007 [INFO] [toggle_dark] (Levenshtein) Healing attempt for id=togle_dark_mode
2025-12-26 07:08:47,058 [INFO] [toggle_dark] Found Levenshtein match: 'toggle_dark_mode' (dist=1)
2025-12-26 07:08:47,074 [INFO] [toggle_dark] healing successful
2025-12-26 07:08:47,075 [INFO] [Performance] Method=Levenshtein, Time=0.0680s, Scanned=3, Success=True
2025-12-26 07:08:47,075 [INFO] [toggle_dark] Healed locator: id=toggle_dark_mode (Levenshtein (dist=1))
2025-12-26 07:08:47,292 [INFO] --- SCENARIO 5: CONTACT (Levenshtein) ---
2025-12-26 07:08:47,293 [INFO] Navigating to file:///C:\Users\zubai\Documents\My_AutoHeal\page_contact.html
2025-12-26 07:08:47,346 [INFO] [contact_name] Using initial locator: id=cntact_name
2025-12-26 07:08:57,398 [WARNING] [contact_name] Primary locator failed: id=cntact_name (TimeoutException)
2025-12-26 07:08:57,398 [INFO] [contact_name] (Levenshtein) Healing attempt for id=cntact_name
2025-12-26 07:08:57,452 [INFO] [contact_name] Found Levenshtein match: 'contact_name' (dist=1)
2025-12-26 07:08:57,470 [INFO] [contact_name] healing successful
2025-12-26 07:08:57,471 [INFO] [Performance] Method=Levenshtein, Time=0.0724s, Scanned=3, Success=True
2025-12-26 07:08:57,471 [INFO] [contact_name] Healed locator: id=contact_name (Levenshtein (dist=1))
2025-12-26 07:08:57,687 [INFO] [send_btn] Using initial locator: id=send_msg_btn
2025-12-26 07:09:07,741 [WARNING] [send_btn] Primary locator failed: id=send_msg_btn (TimeoutException)
2025-12-26 07:09:07,741 [INFO] [send_btn] (Levenshtein) Healing attempt for id=send_msg_btn
2025-12-26 07:09:07,801 [INFO] [send_btn] Found Levenshtein match: 'send_message_btn' (dist=4)
2025-12-26 07:09:07,821 [INFO] [send_btn] healing successful
2025-12-26 07:09:07,822 [INFO] [Performance] Method=Levenshtein, Time=0.0805s, Scanned=3, Success=True
2025-12-26 07:09:07,822 [INFO] [send_btn] Healed locator: id=send_message_btn (Levenshtein (dist=4))
2025-12-27 17:10:30,591 [INFO] --- SCENARIO 1: LOGIN (Levenshtein) ---
2025-12-27 17:10:30,592 [INFO] Navigating to file:///C:\Users\zubai\Documents\My_AutoHeal\index.html
2025-12-27 17:10:30,911 [INFO] [login_button] Using initial locator: id=login-btn-prmary
2025-12-27 17:10:41,381 [WARNING] [login_button] Primary locator failed: id=login-btn-prmary (TimeoutException)
2025-12-27 17:10:41,381 [INFO] [login_button] (Levenshtein) Healing attempt for id=login-btn-prmary
2025-12-27 17:10:41,714 [INFO] [login_button] Found Levenshtein match: 'login-btn-primary' (dist=1)
2025-12-27 17:10:41,732 [INFO] [login_button] healing successful
2025-12-27 17:10:41,733 [INFO] [Performance] Method=Levenshtein, Time=0.3505s, Scanned=6, Success=True
2025-12-27 17:10:41,733 [INFO] [login_button] Healed locator: id=login-btn-primary (Levenshtein (dist=1))
2025-12-27 17:10:41,977 [INFO] [delete_alice_btn] Using initial locator: id=delete-alice-btn-prim
2025-12-27 17:10:52,463 [WARNING] [delete_alice_btn] Primary locator failed: id=delete-alice-btn-prim (TimeoutException)
2025-12-27 17:10:52,464 [INFO] [delete_alice_btn] (Levenshtein) Healing attempt for id=delete-alice-btn-prim
2025-12-27 17:10:52,564 [INFO] [delete_alice_btn] Found Levenshtein match: 'delete-alice-btn-primary' (dist=3)
2025-12-27 17:10:52,584 [INFO] [delete_alice_btn] healing successful
2025-12-27 17:10:52,584 [INFO] [Performance] Method=Levenshtein, Time=0.1208s, Scanned=6, Success=True
2025-12-27 17:10:52,585 [INFO] [delete_alice_btn] Healed locator: id=delete-alice-btn-primary (Levenshtein (dist=3))
2025-12-27 17:10:52,827 [INFO] [profile_email_input] Using initial locator: id=profile_emal
2025-12-27 17:11:03,296 [WARNING] [profile_email_input] Primary locator failed: id=profile_emal (TimeoutException)
2025-12-27 17:11:03,296 [INFO] [profile_email_input] (Levenshtein) Healing attempt for id=profile_emal
2025-12-27 17:11:03,385 [INFO] [profile_email_input] Found Levenshtein match: 'profile_email' (dist=1)
2025-12-27 17:11:03,402 [INFO] [profile_email_input] healing successful
2025-12-27 17:11:03,402 [INFO] [Performance] Method=Levenshtein, Time=0.1058s, Scanned=6, Success=True
2025-12-27 17:11:03,402 [INFO] [profile_email_input] Healed locator: id=profile_email (Levenshtein (dist=1))
2025-12-27 17:11:03,659 [INFO] [save_profile_btn] Using initial locator: id=btn_save_prfile
2025-12-27 17:11:14,177 [WARNING] [save_profile_btn] Primary locator failed: id=btn_save_prfile (TimeoutException)
2025-12-27 17:11:14,177 [INFO] [save_profile_btn] (Levenshtein) Healing attempt for id=btn_save_prfile
2025-12-27 17:11:14,260 [INFO] [save_profile_btn] Found Levenshtein match: 'btn_save_profile' (dist=1)
2025-12-27 17:11:14,275 [INFO] [save_profile_btn] healing successful
2025-12-27 17:11:14,275 [INFO] [Performance] Method=Levenshtein, Time=0.0980s, Scanned=6, Success=True
2025-12-27 17:11:14,275 [INFO] [save_profile_btn] Healed locator: id=btn_save_profile (Levenshtein (dist=1))
2025-12-27 17:11:14,448 [INFO] --- SCENARIO 2: E-COMMERCE (Levenshtein) ---
2025-12-27 17:11:14,449 [INFO] Navigating to file:///C:\Users\zubai\Documents\My_AutoHeal\page_ecommerce.html
2025-12-27 17:11:14,524 [INFO] [search_box] Using initial locator: id=search_box_v
2025-12-27 17:11:24,581 [WARNING] [search_box] Primary locator failed: id=search_box_v (TimeoutException)
2025-12-27 17:11:24,581 [INFO] [search_box] (Levenshtein) Healing attempt for id=search_box_v
2025-12-27 17:11:24,632 [INFO] [search_box] Found Levenshtein match: 'search_box_v2' (dist=1)
2025-12-27 17:11:24,652 [INFO] [search_box] healing successful
2025-12-27 17:11:24,653 [INFO] [Performance] Method=Levenshtein, Time=0.0715s, Scanned=3, Success=True
2025-12-27 17:11:24,653 [INFO] [search_box] Healed locator: id=search_box_v2 (Levenshtein (dist=1))
2025-12-27 17:11:24,824 [INFO] [add_laptop] Using initial locator: id=add_cart_laptop
2025-12-27 17:11:35,281 [WARNING] [add_laptop] Primary locator failed: id=add_cart_laptop (TimeoutException)
2025-12-27 17:11:35,281 [INFO] [add_laptop] (Levenshtein) Healing attempt for id=add_cart_laptop
2025-12-27 17:11:35,333 [INFO] [add_laptop] Found Levenshtein match: 'add_to_cart_laptop' (dist=3)
2025-12-27 17:11:35,357 [INFO] [add_laptop] healing successful
2025-12-27 17:11:35,358 [INFO] [Performance] Method=Levenshtein, Time=0.0767s, Scanned=3, Success=True
2025-12-27 17:11:35,358 [INFO] [add_laptop] Healed locator: id=add_to_cart_laptop (Levenshtein (dist=3))
2025-12-27 17:11:35,558 [INFO] [checkout_btn] Using initial locator: id=checkout_nw
2025-12-27 17:11:45,978 [WARNING] [checkout_btn] Primary locator failed: id=checkout_nw (TimeoutException)
2025-12-27 17:11:45,978 [INFO] [checkout_btn] (Levenshtein) Healing attempt for id=checkout_nw
2025-12-27 17:11:46,027 [INFO] [checkout_btn] Found Levenshtein match: 'checkout_now' (dist=1)
2025-12-27 17:11:46,044 [INFO] [checkout_btn] healing successful
2025-12-27 17:11:46,044 [INFO] [Performance] Method=Levenshtein, Time=0.0661s, Scanned=3, Success=True
2025-12-27 17:11:46,044 [INFO] [checkout_btn] Healed locator: id=checkout_now (Levenshtein (dist=1))
2025-12-27 17:11:46,236 [INFO] --- SCENARIO 3: BLOG (Levenshtein) ---
2025-12-27 17:11:46,237 [INFO] Navigating to file:///C:\Users\zubai\Documents\My_AutoHeal\page_blog.html
2025-12-27 17:11:46,310 [INFO] [read_more] Using initial locator: id=read_more_lnk
2025-12-27 17:11:56,711 [WARNING] [read_more] Primary locator failed: id=read_more_lnk (TimeoutException)
2025-12-27 17:11:56,711 [INFO] [read_more] (Levenshtein) Healing attempt for id=read_more_lnk
2025-12-27 17:11:56,763 [INFO] [read_more] Found Levenshtein match: 'read_more_link' (dist=1)
2025-12-27 17:11:56,778 [INFO] [read_more] healing successful
2025-12-27 17:11:56,778 [INFO] [Performance] Method=Levenshtein, Time=0.0664s, Scanned=4, Success=True
2025-12-27 17:11:56,778 [INFO] [read_more] Healed locator: id=read_more_link (Levenshtein (dist=1))
2025-12-27 17:11:56,949 [INFO] [comment_box] Using initial locator: id=cmmnt_box
2025-12-27 17:12:07,338 [WARNING] [comment_box] Primary locator failed: id=cmmnt_box (TimeoutException)
2025-12-27 17:12:07,338 [INFO] [comment_box] (Levenshtein) Healing attempt for id=cmmnt_box
2025-12-27 17:12:07,391 [INFO] [comment_box] Found Levenshtein match: 'comment_box' (dist=2)
2025-12-27 17:12:07,407 [INFO] [comment_box] healing successful
2025-12-27 17:12:07,407 [INFO] [Performance] Method=Levenshtein, Time=0.0688s, Scanned=4, Success=True
2025-12-27 17:12:07,407 [INFO] [comment_box] Healed locator: id=comment_box (Levenshtein (dist=2))
2025-12-27 17:12:07,554 [INFO] [post_comment] Using initial locator: id=post_commnt_btn
2025-12-27 17:12:17,955 [WARNING] [post_comment] Primary locator failed: id=post_commnt_btn (TimeoutException)
2025-12-27 17:12:17,955 [INFO] [post_comment] (Levenshtein) Healing attempt for id=post_commnt_btn
2025-12-27 17:12:18,006 [INFO] [post_comment] Found Levenshtein match: 'post_comment_btn' (dist=1)
2025-12-27 17:12:18,024 [INFO] [post_comment] healing successful
2025-12-27 17:12:18,024 [INFO] [Performance] Method=Levenshtein, Time=0.0692s, Scanned=4, Success=True
2025-12-27 17:12:18,024 [INFO] [post_comment] Healed locator: id=post_comment_btn (Levenshtein (dist=1))
2025-12-27 17:12:18,194 [INFO] --- SCENARIO 4: DASHBOARD (Levenshtein) ---
2025-12-27 17:12:18,195 [INFO] Navigating to file:///C:\Users\zubai\Documents\My_AutoHeal\page_dashboard.html
2025-12-27 17:12:18,253 [INFO] [update_settings] Using initial locator: id=update_settngs_btn
2025-12-27 17:12:28,648 [WARNING] [update_settings] Primary locator failed: id=update_settngs_btn (TimeoutException)
2025-12-27 17:12:28,648 [INFO] [update_settings] (Levenshtein) Healing attempt for id=update_settngs_btn
2025-12-27 17:12:28,709 [INFO] [update_settings] Found Levenshtein match: 'update_settings_btn' (dist=1)
2025-12-27 17:12:28,728 [INFO] [update_settings] healing successful
2025-12-27 17:12:28,728 [INFO] [Performance] Method=Levenshtein, Time=0.0802s, Scanned=3, Success=True
2025-12-27 17:12:28,728 [INFO] [update_settings] Healed locator: id=update_settings_btn (Levenshtein (dist=1))
2025-12-27 17:12:28,942 [INFO] [toggle_dark] Using initial locator: id=togle_dark_mode
2025-12-27 17:12:39,384 [WARNING] [toggle_dark] Primary locator failed: id=togle_dark_mode (TimeoutException)
2025-12-27 17:12:39,384 [INFO] [toggle_dark] (Levenshtein) Healing attempt for id=togle_dark_mode
2025-12-27 17:12:39,430 [INFO] [toggle_dark] Found Levenshtein match: 'toggle_dark_mode' (dist=1)
2025-12-27 17:12:39,446 [INFO] [toggle_dark] healing successful
2025-12-27 17:12:39,446 [INFO] [Performance] Method=Levenshtein, Time=0.0617s, Scanned=3, Success=True
2025-12-27 17:12:39,446 [INFO] [toggle_dark] Healed locator: id=toggle_dark_mode (Levenshtein (dist=1))
2025-12-27 17:12:39,636 [INFO] --- SCENARIO 5: CONTACT (Levenshtein) ---
2025-12-27 17:12:39,636 [INFO] Navigating to file:///C:\Users\zubai\Documents\My_AutoHeal\page_contact.html
2025-12-27 17:12:39,691 [INFO] [contact_name] Using initial locator: id=cntact_name
2025-12-27 17:12:50,038 [WARNING] [contact_name] Primary locator failed: id=cntact_name (TimeoutException)
2025-12-27 17:12:50,039 [INFO] [contact_name] (Levenshtein) Healing attempt for id=cntact_name
2025-12-27 17:12:50,082 [INFO] [contact_name] Found Levenshtein match: 'contact_name' (dist=1)
2025-12-27 17:12:50,099 [INFO] [contact_name] healing successful
2025-12-27 17:12:50,100 [INFO] [Performance] Method=Levenshtein, Time=0.0611s, Scanned=3, Success=True
2025-12-27 17:12:50,100 [INFO] [contact_name] Healed locator: id=contact_name (Levenshtein (dist=1))
2025-12-27 17:12:50,276 [INFO] [send_btn] Using initial locator: id=send_msg_btn
2025-12-27 17:13:00,672 [WARNING] [send_btn] Primary locator failed: id=send_msg_btn (TimeoutException)
2025-12-27 17:13:00,672 [INFO] [send_btn] (Levenshtein) Healing attempt for id=send_msg_btn
2025-12-27 17:13:00,719 [INFO] [send_btn] Found Levenshtein match: 'send_message_btn' (dist=4)
2025-12-27 17:13:00,736 [INFO] [send_btn] healing successful
2025-12-27 17:13:00,736 [INFO] [Performance] Method=Levenshtein, Time=0.0638s, Scanned=3, Success=True
2025-12-27 17:13:00,736 [INFO] [send_btn] Healed locator: id=send_message_btn (Levenshtein (dist=4))
2025-12-27 17:20:14,015 [INFO] --- SCENARIO 1: LOGIN (Levenshtein) ---
2025-12-27 17:20:14,015 [INFO] Navigating to file:///C:\Users\zubai\Documents\My_AutoHeal\index.html
2025-12-27 17:20:14,369 [INFO] [login_button] Using initial locator: id=login-btn-prmary
2025-12-27 17:20:24,813 [WARNING] [login_button] Primary locator failed: id=login-btn-prmary (TimeoutException)
2025-12-27 17:20:24,813 [INFO] [login_button] (Levenshtein) Healing attempt for id=login-btn-prmary
2025-12-27 17:20:24,902 [INFO] [login_button] Found Levenshtein match: 'login-btn-primary' (dist=1)
2025-12-27 17:20:24,917 [INFO] [login_button] healing successful
2025-12-27 17:20:24,917 [INFO] [Performance] Method=Levenshtein, Time=0.1040s, Scanned=6, Success=True
2025-12-27 17:20:24,917 [INFO] [login_button] Healed locator: id=login-btn-primary (Levenshtein (dist=1))
2025-12-27 17:20:25,132 [INFO] [delete_alice_btn] Using initial locator: id=delete-alice-btn-prim
2025-12-27 17:20:35,575 [WARNING] [delete_alice_btn] Primary locator failed: id=delete-alice-btn-prim (TimeoutException)
2025-12-27 17:20:35,575 [INFO] [delete_alice_btn] (Levenshtein) Healing attempt for id=delete-alice-btn-prim
2025-12-27 17:20:35,659 [INFO] [delete_alice_btn] Found Levenshtein match: 'delete-alice-btn-primary' (dist=3)
2025-12-27 17:20:35,708 [INFO] [delete_alice_btn] healing successful
2025-12-27 17:20:35,708 [INFO] [Performance] Method=Levenshtein, Time=0.1332s, Scanned=6, Success=True
2025-12-27 17:20:35,709 [INFO] [delete_alice_btn] Healed locator: id=delete-alice-btn-primary (Levenshtein (dist=3))
2025-12-27 17:20:35,995 [INFO] [profile_email_input] Using initial locator: id=profile_emal
2025-12-27 17:20:46,354 [WARNING] [profile_email_input] Primary locator failed: id=profile_emal (TimeoutException)
2025-12-27 17:20:46,354 [INFO] [profile_email_input] (Levenshtein) Healing attempt for id=profile_emal
2025-12-27 17:20:46,431 [INFO] [profile_email_input] Found Levenshtein match: 'profile_email' (dist=1)
2025-12-27 17:20:46,448 [INFO] [profile_email_input] healing successful
2025-12-27 17:20:46,449 [INFO] [Performance] Method=Levenshtein, Time=0.0947s, Scanned=6, Success=True
2025-12-27 17:20:46,449 [INFO] [profile_email_input] Healed locator: id=profile_email (Levenshtein (dist=1))
2025-12-27 17:20:46,632 [INFO] [save_profile_btn] Using initial locator: id=btn_save_prfile
2025-12-27 17:20:57,097 [WARNING] [save_profile_btn] Primary locator failed: id=btn_save_prfile (TimeoutException)
2025-12-27 17:20:57,097 [INFO] [save_profile_btn] (Levenshtein) Healing attempt for id=btn_save_prfile
2025-12-27 17:20:57,241 [INFO] [save_profile_btn] Found Levenshtein match: 'btn_save_profile' (dist=1)
2025-12-27 17:20:57,268 [INFO] [save_profile_btn] healing successful
2025-12-27 17:20:57,268 [INFO] [Performance] Method=Levenshtein, Time=0.1714s, Scanned=6, Success=True
2025-12-27 17:20:57,268 [INFO] [save_profile_btn] Healed locator: id=btn_save_profile (Levenshtein (dist=1))
2025-12-27 17:20:57,510 [INFO] --- SCENARIO 2: E-COMMERCE (Levenshtein) ---
2025-12-27 17:20:57,511 [INFO] Navigating to file:///C:\Users\zubai\Documents\My_AutoHeal\page_ecommerce.html
2025-12-27 17:20:57,591 [INFO] [search_box] Using initial locator: id=search_box_v
2025-12-27 17:21:08,044 [WARNING] [search_box] Primary locator failed: id=search_box_v (TimeoutException)
2025-12-27 17:21:08,044 [INFO] [search_box] (Levenshtein) Healing attempt for id=search_box_v
2025-12-27 17:21:08,102 [INFO] [search_box] Found Levenshtein match: 'search_box_v2' (dist=1)
2025-12-27 17:21:08,120 [INFO] [search_box] healing successful
2025-12-27 17:21:08,120 [INFO] [Performance] Method=Levenshtein, Time=0.0761s, Scanned=3, Success=True
2025-12-27 17:21:08,120 [INFO] [search_box] Healed locator: id=search_box_v2 (Levenshtein (dist=1))
2025-12-27 17:21:08,285 [INFO] [add_laptop] Using initial locator: id=add_cart_laptop
2025-12-27 17:21:18,725 [WARNING] [add_laptop] Primary locator failed: id=add_cart_laptop (TimeoutException)
2025-12-27 17:21:18,726 [INFO] [add_laptop] (Levenshtein) Healing attempt for id=add_cart_laptop
2025-12-27 17:21:18,775 [INFO] [add_laptop] Found Levenshtein match: 'add_to_cart_laptop' (dist=3)
2025-12-27 17:21:18,794 [INFO] [add_laptop] healing successful
2025-12-27 17:21:18,794 [INFO] [Performance] Method=Levenshtein, Time=0.0687s, Scanned=3, Success=True
2025-12-27 17:21:18,795 [INFO] [add_laptop] Healed locator: id=add_to_cart_laptop (Levenshtein (dist=3))
2025-12-27 17:21:18,995 [INFO] [checkout_btn] Using initial locator: id=checkout_nw
2025-12-27 17:21:29,438 [WARNING] [checkout_btn] Primary locator failed: id=checkout_nw (TimeoutException)
2025-12-27 17:21:29,438 [INFO] [checkout_btn] (Levenshtein) Healing attempt for id=checkout_nw
2025-12-27 17:21:29,494 [INFO] [checkout_btn] Found Levenshtein match: 'checkout_now' (dist=1)
2025-12-27 17:21:29,508 [INFO] [checkout_btn] healing successful
2025-12-27 17:21:29,508 [INFO] [Performance] Method=Levenshtein, Time=0.0700s, Scanned=3, Success=True
2025-12-27 17:21:29,508 [INFO] [checkout_btn] Healed locator: id=checkout_now (Levenshtein (dist=1))
2025-12-27 17:21:29,678 [INFO] --- SCENARIO 3: BLOG (Levenshtein) ---
2025-12-27 17:21:29,679 [INFO] Navigating to file:///C:\Users\zubai\Documents\My_AutoHeal\page_blog.html
2025-12-27 17:21:29,757 [INFO] [read_more] Using initial locator: id=read_more_lnk
2025-12-27 17:21:40,216 [WARNING] [read_more] Primary locator failed: id=read_more_lnk (TimeoutException)
2025-12-27 17:21:40,216 [INFO] [read_more] (Levenshtein) Healing attempt for id=read_more_lnk
2025-12-27 17:21:40,277 [INFO] [read_more] Found Levenshtein match: 'read_more_link' (dist=1)
2025-12-27 17:21:40,295 [INFO] [read_more] healing successful
2025-12-27 17:21:40,295 [INFO] [Performance] Method=Levenshtein, Time=0.0788s, Scanned=4, Success=True
2025-12-27 17:21:40,295 [INFO] [read_more] Healed locator: id=read_more_link (Levenshtein (dist=1))
2025-12-27 17:21:40,505 [INFO] [comment_box] Using initial locator: id=cmmnt_box
2025-12-27 17:21:50,513 [WARNING] [comment_box] Primary locator failed: id=cmmnt_box (TimeoutException)
2025-12-27 17:21:50,513 [INFO] [comment_box] (Levenshtein) Healing attempt for id=cmmnt_box
2025-12-27 17:21:50,578 [INFO] [comment_box] Found Levenshtein match: 'comment_box' (dist=2)
2025-12-27 17:21:50,596 [INFO] [comment_box] healing successful
2025-12-27 17:21:50,596 [INFO] [Performance] Method=Levenshtein, Time=0.0832s, Scanned=4, Success=True
2025-12-27 17:21:50,596 [INFO] [comment_box] Healed locator: id=comment_box (Levenshtein (dist=2))
2025-12-27 17:21:50,829 [INFO] [post_comment] Using initial locator: id=post_commnt_btn
2025-12-27 17:22:00,858 [WARNING] [post_comment] Primary locator failed: id=post_commnt_btn (TimeoutException)
2025-12-27 17:22:00,859 [INFO] [post_comment] (Levenshtein) Healing attempt for id=post_commnt_btn
2025-12-27 17:22:00,927 [INFO] [post_comment] Found Levenshtein match: 'post_comment_btn' (dist=1)
2025-12-27 17:22:00,947 [INFO] [post_comment] healing successful
2025-12-27 17:22:00,947 [INFO] [Performance] Method=Levenshtein, Time=0.0884s, Scanned=4, Success=True
2025-12-27 17:22:00,947 [INFO] [post_comment] Healed locator: id=post_comment_btn (Levenshtein (dist=1))
2025-12-27 17:22:01,166 [INFO] --- SCENARIO 4: DASHBOARD (Levenshtein) ---
2025-12-27 17:22:01,167 [INFO] Navigating to file:///C:\Users\zubai\Documents\My_AutoHeal\page_dashboard.html
2025-12-27 17:22:01,233 [INFO] [update_settings] Using initial locator: id=update_settngs_btn
2025-12-27 17:22:11,601 [WARNING] [update_settings] Primary locator failed: id=update_settngs_btn (TimeoutException)
2025-12-27 17:22:11,601 [INFO] [update_settings] (Levenshtein) Healing attempt for id=update_settngs_btn
2025-12-27 17:22:11,648 [INFO] [update_settings] Found Levenshtein match: 'update_settings_btn' (dist=1)
2025-12-27 17:22:11,665 [INFO] [update_settings] healing successful
2025-12-27 17:22:11,666 [INFO] [Performance] Method=Levenshtein, Time=0.0643s, Scanned=3, Success=True
2025-12-27 17:22:11,666 [INFO] [update_settings] Healed locator: id=update_settings_btn (Levenshtein (dist=1))
2025-12-27 17:22:11,844 [INFO] [toggle_dark] Using initial locator: id=togle_dark_mode
2025-12-27 17:22:22,293 [WARNING] [toggle_dark] Primary locator failed: id=togle_dark_mode (TimeoutException)
2025-12-27 17:22:22,293 [INFO] [toggle_dark] (Levenshtein) Healing attempt for id=togle_dark_mode
2025-12-27 17:22:22,342 [INFO] [toggle_dark] Found Levenshtein match: 'toggle_dark_mode' (dist=1)
2025-12-27 17:22:22,360 [INFO] [toggle_dark] healing successful
2025-12-27 17:22:22,360 [INFO] [Performance] Method=Levenshtein, Time=0.0676s, Scanned=3, Success=True
2025-12-27 17:22:22,360 [INFO] [toggle_dark] Healed locator: id=toggle_dark_mode (Levenshtein (dist=1))
2025-12-27 17:22:22,579 [INFO] --- SCENARIO 5: CONTACT (Levenshtein) ---
2025-12-27 17:22:22,579 [INFO] Navigating to file:///C:\Users\zubai\Documents\My_AutoHeal\page_contact.html
2025-12-27 17:22:22,640 [INFO] [contact_name] Using initial locator: id=cntact_name
2025-12-27 17:22:33,028 [WARNING] [contact_name] Primary locator failed: id=cntact_name (TimeoutException)
2025-12-27 17:22:33,028 [INFO] [contact_name] (Levenshtein) Healing attempt for id=cntact_name
2025-12-27 17:22:33,082 [INFO] [contact_name] Found Levenshtein match: 'contact_name' (dist=1)
2025-12-27 17:22:33,103 [INFO] [contact_name] healing successful
2025-12-27 17:22:33,103 [INFO] [Performance] Method=Levenshtein, Time=0.0755s, Scanned=3, Success=True
2025-12-27 17:22:33,104 [INFO] [contact_name] Healed locator: id=contact_name (Levenshtein (dist=1))
2025-12-27 17:22:33,256 [INFO] [send_btn] Using initial locator: id=send_msg_btn
2025-12-27 17:22:43,745 [WARNING] [send_btn] Primary locator failed: id=send_msg_btn (TimeoutException)
2025-12-27 17:22:43,745 [INFO] [send_btn] (Levenshtein) Healing attempt for id=send_msg_btn
2025-12-27 17:22:43,793 [INFO] [send_btn] Found Levenshtein match: 'send_message_btn' (dist=4)
2025-12-27 17:22:43,811 [INFO] [send_btn] healing successful
2025-12-27 17:22:43,811 [INFO] [Performance] Method=Levenshtein, Time=0.0663s, Scanned=3, Success=True
2025-12-27 17:22:43,811 [INFO] [send_btn] Healed locator: id=send_message_btn (Levenshtein (dist=4))
2025-12-27 17:25:50,238 [INFO] --- SCENARIO 1: LOGIN (Levenshtein) ---
2025-12-27 17:25:50,239 [INFO] Navigating to file:///C:\Users\zubai\Documents\My_AutoHeal\index.html
2025-12-27 17:25:50,581 [INFO] [login_button] Using initial locator: id=login-btn-prmary
2025-12-27 17:26:01,054 [WARNING] [login_button] Primary locator failed: id=login-btn-prmary (TimeoutException)
2025-12-27 17:26:01,054 [INFO] [login_button] (Levenshtein) Healing attempt for id=login-btn-prmary
2025-12-27 17:26:01,153 [INFO] [login_button] Found Levenshtein match: 'login-btn-primary' (dist=1)
2025-12-27 17:26:01,173 [INFO] [login_button] healing successful
2025-12-27 17:26:01,173 [INFO] [Performance] Method=Levenshtein, Time=0.1190s, Scanned=6, Success=True
2025-12-27 17:26:01,173 [INFO] [login_button] Healed locator: id=login-btn-primary (Levenshtein (dist=1))
2025-12-27 17:26:01,398 [INFO] [delete_alice_btn] Using initial locator: id=delete-alice-btn-prim
2025-12-27 17:26:11,832 [WARNING] [delete_alice_btn] Primary locator failed: id=delete-alice-btn-prim (TimeoutException)
2025-12-27 17:26:11,832 [INFO] [delete_alice_btn] (Levenshtein) Healing attempt for id=delete-alice-btn-prim
2025-12-27 17:26:11,922 [INFO] [delete_alice_btn] Found Levenshtein match: 'delete-alice-btn-primary' (dist=3)
2025-12-27 17:26:11,939 [INFO] [delete_alice_btn] healing successful
2025-12-27 17:26:11,939 [INFO] [Performance] Method=Levenshtein, Time=0.1072s, Scanned=6, Success=True
2025-12-27 17:26:11,939 [INFO] [delete_alice_btn] Healed locator: id=delete-alice-btn-primary (Levenshtein (dist=3))
2025-12-27 17:26:12,166 [INFO] [profile_email_input] Using initial locator: id=profile_emal
2025-12-27 17:26:22,558 [WARNING] [profile_email_input] Primary locator failed: id=profile_emal (TimeoutException)
2025-12-27 17:26:22,558 [INFO] [profile_email_input] (Levenshtein) Healing attempt for id=profile_emal
2025-12-27 17:26:22,647 [INFO] [profile_email_input] Found Levenshtein match: 'profile_email' (dist=1)
2025-12-27 17:26:22,664 [INFO] [profile_email_input] healing successful
2025-12-27 17:26:22,664 [INFO] [Performance] Method=Levenshtein, Time=0.1064s, Scanned=6, Success=True
2025-12-27 17:26:22,664 [INFO] [profile_email_input] Healed locator: id=profile_email (Levenshtein (dist=1))
2025-12-27 17:26:22,909 [INFO] [save_profile_btn] Using initial locator: id=btn_save_prfile
2025-12-27 17:26:32,916 [WARNING] [save_profile_btn] Primary locator failed: id=btn_save_prfile (TimeoutException)
2025-12-27 17:26:32,916 [INFO] [save_profile_btn] (Levenshtein) Healing attempt for id=btn_save_prfile
2025-12-27 17:26:32,993 [INFO] [save_profile_btn] Found Levenshtein match: 'btn_save_profile' (dist=1)
2025-12-27 17:26:33,014 [INFO] [save_profile_btn] healing successful
2025-12-27 17:26:33,015 [INFO] [Performance] Method=Levenshtein, Time=0.0986s, Scanned=6, Success=True
2025-12-27 17:26:33,015 [INFO] [save_profile_btn] Healed locator: id=btn_save_profile (Levenshtein (dist=1))
2025-12-27 17:26:33,263 [INFO] --- SCENARIO 2: E-COMMERCE (Levenshtein) ---
2025-12-27 17:26:33,263 [INFO] Navigating to file:///C:\Users\zubai\Documents\My_AutoHeal\page_ecommerce.html
2025-12-27 17:26:33,340 [INFO] [search_box] Using initial locator: id=search_box_v
2025-12-27 17:26:43,721 [WARNING] [search_box] Primary locator failed: id=search_box_v (TimeoutException)
2025-12-27 17:26:43,722 [INFO] [search_box] (Levenshtein) Healing attempt for id=search_box_v
2025-12-27 17:26:43,764 [INFO] [search_box] Found Levenshtein match: 'search_box_v2' (dist=1)
2025-12-27 17:26:43,780 [INFO] [search_box] healing successful
2025-12-27 17:26:43,780 [INFO] [Performance] Method=Levenshtein, Time=0.0584s, Scanned=3, Success=True
2025-12-27 17:26:43,780 [INFO] [search_box] Healed locator: id=search_box_v2 (Levenshtein (dist=1))
2025-12-27 17:26:43,937 [INFO] [add_laptop] Using initial locator: id=add_cart_laptop
2025-12-27 17:26:54,414 [WARNING] [add_laptop] Primary locator failed: id=add_cart_laptop (TimeoutException)
2025-12-27 17:26:54,414 [INFO] [add_laptop] (Levenshtein) Healing attempt for id=add_cart_laptop
2025-12-27 17:26:54,467 [INFO] [add_laptop] Found Levenshtein match: 'add_to_cart_laptop' (dist=3)
2025-12-27 17:26:54,486 [INFO] [add_laptop] healing successful
2025-12-27 17:26:54,486 [INFO] [Performance] Method=Levenshtein, Time=0.0725s, Scanned=3, Success=True
2025-12-27 17:26:54,486 [INFO] [add_laptop] Healed locator: id=add_to_cart_laptop (Levenshtein (dist=3))
2025-12-27 17:26:54,692 [INFO] [checkout_btn] Using initial locator: id=checkout_nw
2025-12-27 17:27:05,148 [WARNING] [checkout_btn] Primary locator failed: id=checkout_nw (TimeoutException)
2025-12-27 17:27:05,148 [INFO] [checkout_btn] (Levenshtein) Healing attempt for id=checkout_nw
2025-12-27 17:27:05,193 [INFO] [checkout_btn] Found Levenshtein match: 'checkout_now' (dist=1)
2025-12-27 17:27:05,211 [INFO] [checkout_btn] healing successful
2025-12-27 17:27:05,211 [INFO] [Performance] Method=Levenshtein, Time=0.0628s, Scanned=3, Success=True
2025-12-27 17:27:05,211 [INFO] [checkout_btn] Healed locator: id=checkout_now (Levenshtein (dist=1))
2025-12-27 17:27:05,405 [INFO] --- SCENARIO 3: BLOG (Levenshtein) ---
2025-12-27 17:27:05,406 [INFO] Navigating to file:///C:\Users\zubai\Documents\My_AutoHeal\page_blog.html
2025-12-27 17:27:05,493 [INFO] [read_more] Using initial locator: id=read_more_lnk
2025-12-27 17:27:15,852 [WARNING] [read_more] Primary locator failed: id=read_more_lnk (TimeoutException)
2025-12-27 17:27:15,852 [INFO] [read_more] (Levenshtein) Healing attempt for id=read_more_lnk
2025-12-27 17:27:15,917 [INFO] [read_more] Found Levenshtein match: 'read_more_link' (dist=1)
2025-12-27 17:27:15,936 [INFO] [read_more] healing successful
2025-12-27 17:27:15,936 [INFO] [Performance] Method=Levenshtein, Time=0.0841s, Scanned=4, Success=True
2025-12-27 17:27:15,936 [INFO] [read_more] Healed locator: id=read_more_link (Levenshtein (dist=1))
2025-12-27 17:27:16,125 [INFO] [comment_box] Using initial locator: id=cmmnt_box
2025-12-27 17:27:26,471 [WARNING] [comment_box] Primary locator failed: id=cmmnt_box (TimeoutException)
2025-12-27 17:27:26,471 [INFO] [comment_box] (Levenshtein) Healing attempt for id=cmmnt_box
2025-12-27 17:27:26,522 [INFO] [comment_box] Found Levenshtein match: 'comment_box' (dist=2)
2025-12-27 17:27:26,539 [INFO] [comment_box] healing successful
2025-12-27 17:27:26,539 [INFO] [Performance] Method=Levenshtein, Time=0.0680s, Scanned=4, Success=True
2025-12-27 17:27:26,539 [INFO] [comment_box] Healed locator: id=comment_box (Levenshtein (dist=2))
2025-12-27 17:27:26,693 [INFO] [post_comment] Using initial locator: id=post_commnt_btn
2025-12-27 17:27:37,038 [WARNING] [post_comment] Primary locator failed: id=post_commnt_btn (TimeoutException)
2025-12-27 17:27:37,038 [INFO] [post_comment] (Levenshtein) Healing attempt for id=post_commnt_btn
2025-12-27 17:27:37,100 [INFO] [post_comment] Found Levenshtein match: 'post_comment_btn' (dist=1)
2025-12-27 17:27:37,119 [INFO] [post_comment] healing successful
2025-12-27 17:27:37,119 [INFO] [Performance] Method=Levenshtein, Time=0.0807s, Scanned=4, Success=True
2025-12-27 17:27:37,119 [INFO] [post_comment] Healed locator: id=post_comment_btn (Levenshtein (dist=1))
2025-12-27 17:27:37,310 [INFO] --- SCENARIO 4: DASHBOARD (Levenshtein) ---
2025-12-27 17:27:37,311 [INFO] Navigating to file:///C:\Users\zubai\Documents\My_AutoHeal\page_dashboard.html
2025-12-27 17:27:37,372 [INFO] [update_settings] Using initial locator: id=update_settngs_btn
2025-12-27 17:27:47,855 [WARNING] [update_settings] Primary locator failed: id=update_settngs_btn (TimeoutException)
2025-12-27 17:27:47,855 [INFO] [update_settings] (Levenshtein) Healing attempt for id=update_settngs_btn
2025-12-27 17:27:47,919 [INFO] [update_settings] Found Levenshtein match: 'update_settings_btn' (dist=1)
2025-12-27 17:27:47,936 [INFO] [update_settings] healing successful
2025-12-27 17:27:47,936 [INFO] [Performance] Method=Levenshtein, Time=0.0808s, Scanned=3, Success=True
2025-12-27 17:27:47,936 [INFO] [update_settings] Healed locator: id=update_settings_btn (Levenshtein (dist=1))
2025-12-27 17:27:48,103 [INFO] [toggle_dark] Using initial locator: id=togle_dark_mode
2025-12-27 17:27:58,554 [WARNING] [toggle_dark] Primary locator failed: id=togle_dark_mode (TimeoutException)
2025-12-27 17:27:58,554 [INFO] [toggle_dark] (Levenshtein) Healing attempt for id=togle_dark_mode
2025-12-27 17:27:58,617 [INFO] [toggle_dark] Found Levenshtein match: 'toggle_dark_mode' (dist=1)
2025-12-27 17:27:58,637 [INFO] [toggle_dark] healing successful
2025-12-27 17:27:58,637 [INFO] [Performance] Method=Levenshtein, Time=0.0832s, Scanned=3, Success=True
2025-12-27 17:27:58,637 [INFO] [toggle_dark] Healed locator: id=toggle_dark_mode (Levenshtein (dist=1))
2025-12-27 17:27:58,864 [INFO] --- SCENARIO 5: CONTACT (Levenshtein) ---
2025-12-27 17:27:58,865 [INFO] Navigating to file:///C:\Users\zubai\Documents\My_AutoHeal\page_contact.html
2025-12-27 17:27:58,926 [INFO] [contact_name] Using initial locator: id=cntact_name
2025-12-27 17:28:09,311 [WARNING] [contact_name] Primary locator failed: id=cntact_name (TimeoutException)
2025-12-27 17:28:09,311 [INFO] [contact_name] (Levenshtein) Healing attempt for id=cntact_name
2025-12-27 17:28:09,356 [INFO] [contact_name] Found Levenshtein match: 'contact_name' (dist=1)
2025-12-27 17:28:09,374 [INFO] [contact_name] healing successful
2025-12-27 17:28:09,374 [INFO] [Performance] Method=Levenshtein, Time=0.0626s, Scanned=3, Success=True
2025-12-27 17:28:09,374 [INFO] [contact_name] Healed locator: id=contact_name (Levenshtein (dist=1))
2025-12-27 17:28:09,539 [INFO] [send_btn] Using initial locator: id=send_msg_btn
2025-12-27 17:28:19,953 [WARNING] [send_btn] Primary locator failed: id=send_msg_btn (TimeoutException)
2025-12-27 17:28:19,953 [INFO] [send_btn] (Levenshtein) Healing attempt for id=send_msg_btn
2025-12-27 17:28:20,004 [INFO] [send_btn] Found Levenshtein match: 'send_message_btn' (dist=4)
2025-12-27 17:28:20,021 [INFO] [send_btn] healing successful
2025-12-27 17:28:20,022 [INFO] [Performance] Method=Levenshtein, Time=0.0682s, Scanned=3, Success=True
2025-12-27 17:28:20,022 [INFO] [send_btn] Healed locator: id=send_message_btn (Levenshtein (dist=4))
2025-12-27 18:53:24,651 [INFO] --- SCENARIO 1: LOGIN (Levenshtein) ---
2025-12-27 18:53:24,652 [INFO] Navigating to file:///C:\Users\zubai\Documents\My_AutoHeal\index.html
2025-12-27 18:53:24,984 [INFO] [login_button] Using initial locator: id=login-btn-prmary
2025-12-27 18:53:35,427 [WARNING] [login_button] Primary locator failed: id=login-btn-prmary (TimeoutException)
2025-12-27 18:53:35,427 [INFO] [login_button] (Levenshtein) Healing attempt for id=login-btn-prmary
2025-12-27 18:53:35,523 [INFO] [login_button] Found Levenshtein match: 'login-btn-primary' (dist=1)
2025-12-27 18:53:35,541 [INFO] [login_button] healing successful
2025-12-27 18:53:35,541 [INFO] [Performance] Method=Levenshtein, Time=0.1140s, Scanned=6, Success=True
2025-12-27 18:53:35,541 [INFO] [login_button] Healed locator: id=login-btn-primary (Levenshtein (dist=1))
2025-12-27 18:53:35,773 [INFO] [delete_alice_btn] Using initial locator: id=delete-alice-btn-prim
2025-12-27 18:53:46,260 [WARNING] [delete_alice_btn] Primary locator failed: id=delete-alice-btn-prim (TimeoutException)
2025-12-27 18:53:46,260 [INFO] [delete_alice_btn] (Levenshtein) Healing attempt for id=delete-alice-btn-prim
2025-12-27 18:53:46,354 [INFO] [delete_alice_btn] Found Levenshtein match: 'delete-alice-btn-primary' (dist=3)
2025-12-27 18:53:46,372 [INFO] [delete_alice_btn] healing successful
2025-12-27 18:53:46,372 [INFO] [Performance] Method=Levenshtein, Time=0.1120s, Scanned=6, Success=True
2025-12-27 18:53:46,372 [INFO] [delete_alice_btn] Healed locator: id=delete-alice-btn-primary (Levenshtein (dist=3))
2025-12-27 18:53:46,599 [INFO] [profile_email_input] Using initial locator: id=profile_emal
2025-12-27 18:53:57,097 [WARNING] [profile_email_input] Primary locator failed: id=profile_emal (TimeoutException)
2025-12-27 18:53:57,097 [INFO] [profile_email_input] (Levenshtein) Healing attempt for id=profile_emal
2025-12-27 18:53:57,193 [INFO] [profile_email_input] Found Levenshtein match: 'profile_email' (dist=1)
2025-12-27 18:53:57,212 [INFO] [profile_email_input] healing successful
2025-12-27 18:53:57,213 [INFO] [Performance] Method=Levenshtein, Time=0.1158s, Scanned=6, Success=True
2025-12-27 18:53:57,213 [INFO] [profile_email_input] Healed locator: id=profile_email (Levenshtein (dist=1))
2025-12-27 18:53:57,470 [INFO] [save_profile_btn] Using initial locator: id=btn_save_prfile
2025-12-27 18:54:07,976 [WARNING] [save_profile_btn] Primary locator failed: id=btn_save_prfile (TimeoutException)
2025-12-27 18:54:07,976 [INFO] [save_profile_btn] (Levenshtein) Healing attempt for id=btn_save_prfile
2025-12-27 18:54:08,069 [INFO] [save_profile_btn] Found Levenshtein match: 'btn_save_profile' (dist=1)
2025-12-27 18:54:08,087 [INFO] [save_profile_btn] healing successful
2025-12-27 18:54:08,087 [INFO] [Performance] Method=Levenshtein, Time=0.1110s, Scanned=6, Success=True
2025-12-27 18:54:08,087 [INFO] [save_profile_btn] Healed locator: id=btn_save_profile (Levenshtein (dist=1))
2025-12-27 18:54:08,310 [INFO] --- SCENARIO 2: E-COMMERCE (Levenshtein) ---
2025-12-27 18:54:08,311 [INFO] Navigating to file:///C:\Users\zubai\Documents\My_AutoHeal\page_ecommerce.html
2025-12-27 18:54:08,377 [INFO] [search_box] Using initial locator: id=search_box_v
2025-12-27 18:54:18,833 [WARNING] [search_box] Primary locator failed: id=search_box_v (TimeoutException)
2025-12-27 18:54:18,833 [INFO] [search_box] (Levenshtein) Healing attempt for id=search_box_v
2025-12-27 18:54:18,887 [INFO] [search_box] Found Levenshtein match: 'search_box_v2' (dist=1)
2025-12-27 18:54:18,904 [INFO] [search_box] healing successful
2025-12-27 18:54:18,904 [INFO] [Performance] Method=Levenshtein, Time=0.0709s, Scanned=3, Success=True
2025-12-27 18:54:18,904 [INFO] [search_box] Healed locator: id=search_box_v2 (Levenshtein (dist=1))
2025-12-27 18:54:19,137 [INFO] [add_laptop] Using initial locator: id=add_cart_laptop
2025-12-27 18:54:29,519 [WARNING] [add_laptop] Primary locator failed: id=add_cart_laptop (TimeoutException)
2025-12-27 18:54:29,520 [INFO] [add_laptop] (Levenshtein) Healing attempt for id=add_cart_laptop
2025-12-27 18:54:29,576 [INFO] [add_laptop] Found Levenshtein match: 'add_to_cart_laptop' (dist=3)
2025-12-27 18:54:29,592 [INFO] [add_laptop] healing successful
2025-12-27 18:54:29,592 [INFO] [Performance] Method=Levenshtein, Time=0.0721s, Scanned=3, Success=True
2025-12-27 18:54:29,592 [INFO] [add_laptop] Healed locator: id=add_to_cart_laptop (Levenshtein (dist=3))
2025-12-27 18:54:29,804 [INFO] [checkout_btn] Using initial locator: id=checkout_nw
2025-12-27 18:54:40,317 [WARNING] [checkout_btn] Primary locator failed: id=checkout_nw (TimeoutException)
2025-12-27 18:54:40,317 [INFO] [checkout_btn] (Levenshtein) Healing attempt for id=checkout_nw
2025-12-27 18:54:40,359 [INFO] [checkout_btn] Found Levenshtein match: 'checkout_now' (dist=1)
2025-12-27 18:54:40,376 [INFO] [checkout_btn] healing successful
2025-12-27 18:54:40,376 [INFO] [Performance] Method=Levenshtein, Time=0.0591s, Scanned=3, Success=True
2025-12-27 18:54:40,376 [INFO] [checkout_btn] Healed locator: id=checkout_now (Levenshtein (dist=1))
2025-12-27 18:54:40,559 [INFO] --- SCENARIO 3: BLOG (Levenshtein) ---
2025-12-27 18:54:40,560 [INFO] Navigating to file:///C:\Users\zubai\Documents\My_AutoHeal\page_blog.html
2025-12-27 18:54:40,637 [INFO] [read_more] Using initial locator: id=read_more_lnk
2025-12-27 18:54:51,111 [WARNING] [read_more] Primary locator failed: id=read_more_lnk (TimeoutException)
2025-12-27 18:54:51,111 [INFO] [read_more] (Levenshtein) Healing attempt for id=read_more_lnk
2025-12-27 18:54:51,182 [INFO] [read_more] Found Levenshtein match: 'read_more_link' (dist=1)
2025-12-27 18:54:51,200 [INFO] [read_more] healing successful
2025-12-27 18:54:51,200 [INFO] [Performance] Method=Levenshtein, Time=0.0889s, Scanned=4, Success=True
2025-12-27 18:54:51,200 [INFO] [read_more] Healed locator: id=read_more_link (Levenshtein (dist=1))
2025-12-27 18:54:51,387 [INFO] [comment_box] Using initial locator: id=cmmnt_box
2025-12-27 18:55:01,843 [WARNING] [comment_box] Primary locator failed: id=cmmnt_box (TimeoutException)
2025-12-27 18:55:01,843 [INFO] [comment_box] (Levenshtein) Healing attempt for id=cmmnt_box
2025-12-27 18:55:01,905 [INFO] [comment_box] Found Levenshtein match: 'comment_box' (dist=2)
2025-12-27 18:55:01,921 [INFO] [comment_box] healing successful
2025-12-27 18:55:01,921 [INFO] [Performance] Method=Levenshtein, Time=0.0777s, Scanned=4, Success=True
2025-12-27 18:55:01,921 [INFO] [comment_box] Healed locator: id=comment_box (Levenshtein (dist=2))
2025-12-27 18:55:02,078 [INFO] [post_comment] Using initial locator: id=post_commnt_btn
2025-12-27 18:55:12,118 [WARNING] [post_comment] Primary locator failed: id=post_commnt_btn (TimeoutException)
2025-12-27 18:55:12,119 [INFO] [post_comment] (Levenshtein) Healing attempt for id=post_commnt_btn
2025-12-27 18:55:12,192 [INFO] [post_comment] Found Levenshtein match: 'post_comment_btn' (dist=1)
2025-12-27 18:55:12,208 [INFO] [post_comment] healing successful
2025-12-27 18:55:12,209 [INFO] [Performance] Method=Levenshtein, Time=0.0898s, Scanned=4, Success=True
2025-12-27 18:55:12,209 [INFO] [post_comment] Healed locator: id=post_comment_btn (Levenshtein (dist=1))
2025-12-27 18:55:12,428 [INFO] --- SCENARIO 4: DASHBOARD (Levenshtein) ---
2025-12-27 18:55:12,429 [INFO] Navigating to file:///C:\Users\zubai\Documents\My_AutoHeal\page_dashboard.html
2025-12-27 18:55:12,491 [INFO] [update_settings] Using initial locator: id=update_settngs_btn
2025-12-27 18:55:22,504 [WARNING] [update_settings] Primary locator failed: id=update_settngs_btn (TimeoutException)
2025-12-27 18:55:22,504 [INFO] [update_settings] (Levenshtein) Healing attempt for id=update_settngs_btn
2025-12-27 18:55:22,555 [INFO] [update_settings] Found Levenshtein match: 'update_settings_btn' (dist=1)
2025-12-27 18:55:22,574 [INFO] [update_settings] healing successful
2025-12-27 18:55:22,574 [INFO] [Performance] Method=Levenshtein, Time=0.0699s, Scanned=3, Success=True
2025-12-27 18:55:22,574 [INFO] [update_settings] Healed locator: id=update_settings_btn (Levenshtein (dist=1))
2025-12-27 18:55:22,776 [INFO] [toggle_dark] Using initial locator: id=togle_dark_mode
2025-12-27 18:55:33,250 [WARNING] [toggle_dark] Primary locator failed: id=togle_dark_mode (TimeoutException)
2025-12-27 18:55:33,250 [INFO] [toggle_dark] (Levenshtein) Healing attempt for id=togle_dark_mode
2025-12-27 18:55:33,293 [INFO] [toggle_dark] Found Levenshtein match: 'toggle_dark_mode' (dist=1)
2025-12-27 18:55:33,309 [INFO] [toggle_dark] healing successful
2025-12-27 18:55:33,309 [INFO] [Performance] Method=Levenshtein, Time=0.0590s, Scanned=3, Success=True
2025-12-27 18:55:33,309 [INFO] [toggle_dark] Healed locator: id=toggle_dark_mode (Levenshtein (dist=1))
2025-12-27 18:55:33,497 [INFO] --- SCENARIO 5: CONTACT (Levenshtein) ---
2025-12-27 18:55:33,497 [INFO] Navigating to file:///C:\Users\zubai\Documents\My_AutoHeal\page_contact.html
2025-12-27 18:55:33,553 [INFO] [contact_name] Using initial locator: id=cntact_name
2025-12-27 18:55:43,967 [WARNING] [contact_name] Primary locator failed: id=cntact_name (TimeoutException)
2025-12-27 18:55:43,967 [INFO] [contact_name] (Levenshtein) Healing attempt for id=cntact_name
2025-12-27 18:55:44,021 [INFO] [contact_name] Found Levenshtein match: 'contact_name' (dist=1)
2025-12-27 18:55:44,041 [INFO] [contact_name] healing successful
2025-12-27 18:55:44,041 [INFO] [Performance] Method=Levenshtein, Time=0.0743s, Scanned=3, Success=True
2025-12-27 18:55:44,041 [INFO] [contact_name] Healed locator: id=contact_name (Levenshtein (dist=1))
2025-12-27 18:55:44,199 [INFO] [send_btn] Using initial locator: id=send_msg_btn
2025-12-27 18:55:54,611 [WARNING] [send_btn] Primary locator failed: id=send_msg_btn (TimeoutException)
2025-12-27 18:55:54,611 [INFO] [send_btn] (Levenshtein) Healing attempt for id=send_msg_btn
2025-12-27 18:55:54,657 [INFO] [send_btn] Found Levenshtein match: 'send_message_btn' (dist=4)
2025-12-27 18:55:54,673 [INFO] [send_btn] healing successful
2025-12-27 18:55:54,673 [INFO] [Performance] Method=Levenshtein, Time=0.0618s, Scanned=3, Success=True
2025-12-27 18:55:54,673 [INFO] [send_btn] Healed locator: id=send_message_btn (Levenshtein (dist=4))
2025-12-28 06:44:11,993 [INFO] --- SCENARIO 1: LOGIN (Levenshtein) ---
2025-12-28 06:44:11,994 [INFO] Navigating to file:///C:\Users\zubai\Documents\My_AutoHeal\index.html
2025-12-28 06:44:12,411 [INFO] [login_button] Using initial locator: id=login-btn-prmary
2025-12-28 06:44:22,842 [WARNING] [login_button] Primary locator failed: id=login-btn-prmary (TimeoutException)
2025-12-28 06:44:22,842 [INFO] [login_button] (Levenshtein) Healing attempt for id=login-btn-prmary
2025-12-28 06:44:22,949 [INFO] [login_button] Found Levenshtein match: 'login-btn-primary' (dist=1)
2025-12-28 06:44:22,969 [INFO] [login_button] healing successful
2025-12-28 06:44:22,970 [INFO] [Performance] Method=Levenshtein, Time=0.1273s, Scanned=6, Success=True
2025-12-28 06:44:22,970 [INFO] [login_button] Healed locator: id=login-btn-primary (Levenshtein (dist=1))
2025-12-28 06:44:23,220 [INFO] [delete_alice_btn] Using initial locator: id=delete-alice-btn-prim
2025-12-28 06:44:33,636 [WARNING] [delete_alice_btn] Primary locator failed: id=delete-alice-btn-prim (TimeoutException)
2025-12-28 06:44:33,636 [INFO] [delete_alice_btn] (Levenshtein) Healing attempt for id=delete-alice-btn-prim
2025-12-28 06:44:33,721 [INFO] [delete_alice_btn] Found Levenshtein match: 'delete-alice-btn-primary' (dist=3)
2025-12-28 06:44:33,738 [INFO] [delete_alice_btn] healing successful
2025-12-28 06:44:33,738 [INFO] [Performance] Method=Levenshtein, Time=0.1021s, Scanned=6, Success=True
2025-12-28 06:44:33,738 [INFO] [delete_alice_btn] Healed locator: id=delete-alice-btn-primary (Levenshtein (dist=3))
2025-12-28 06:44:33,969 [INFO] [profile_email_input] Using initial locator: id=profile_emal
2025-12-28 06:44:44,449 [WARNING] [profile_email_input] Primary locator failed: id=profile_emal (TimeoutException)
2025-12-28 06:44:44,449 [INFO] [profile_email_input] (Levenshtein) Healing attempt for id=profile_emal
2025-12-28 06:44:44,537 [INFO] [profile_email_input] Found Levenshtein match: 'profile_email' (dist=1)
2025-12-28 06:44:44,554 [INFO] [profile_email_input] healing successful
2025-12-28 06:44:44,554 [INFO] [Performance] Method=Levenshtein, Time=0.1052s, Scanned=6, Success=True
2025-12-28 06:44:44,554 [INFO] [profile_email_input] Healed locator: id=profile_email (Levenshtein (dist=1))
2025-12-28 06:44:44,821 [INFO] [save_profile_btn] Using initial locator: id=btn_save_prfile
2025-12-28 06:44:55,291 [WARNING] [save_profile_btn] Primary locator failed: id=btn_save_prfile (TimeoutException)
2025-12-28 06:44:55,291 [INFO] [save_profile_btn] (Levenshtein) Healing attempt for id=btn_save_prfile
2025-12-28 06:44:55,389 [INFO] [save_profile_btn] Found Levenshtein match: 'btn_save_profile' (dist=1)
2025-12-28 06:44:55,409 [INFO] [save_profile_btn] healing successful
2025-12-28 06:44:55,410 [INFO] [Performance] Method=Levenshtein, Time=0.1185s, Scanned=6, Success=True
2025-12-28 06:44:55,410 [INFO] [save_profile_btn] Healed locator: id=btn_save_profile (Levenshtein (dist=1))
2025-12-28 06:44:55,646 [INFO] --- SCENARIO 2: E-COMMERCE (Levenshtein) ---
2025-12-28 06:44:55,646 [INFO] Navigating to file:///C:\Users\zubai\Documents\My_AutoHeal\page_ecommerce.html
2025-12-28 06:44:55,714 [INFO] [search_box] Using initial locator: id=search_box_v
2025-12-28 06:45:06,172 [WARNING] [search_box] Primary locator failed: id=search_box_v (TimeoutException)
2025-12-28 06:45:06,172 [INFO] [search_box] (Levenshtein) Healing attempt for id=search_box_v
2025-12-28 06:45:06,223 [INFO] [search_box] Found Levenshtein match: 'search_box_v2' (dist=1)
2025-12-28 06:45:06,241 [INFO] [search_box] healing successful
2025-12-28 06:45:06,241 [INFO] [Performance] Method=Levenshtein, Time=0.0682s, Scanned=3, Success=True
2025-12-28 06:45:06,241 [INFO] [search_box] Healed locator: id=search_box_v2 (Levenshtein (dist=1))
2025-12-28 06:45:06,462 [INFO] [add_laptop] Using initial locator: id=add_cart_laptop
2025-12-28 06:45:16,915 [WARNING] [add_laptop] Primary locator failed: id=add_cart_laptop (TimeoutException)
2025-12-28 06:45:16,916 [INFO] [add_laptop] (Levenshtein) Healing attempt for id=add_cart_laptop
2025-12-28 06:45:16,964 [INFO] [add_laptop] Found Levenshtein match: 'add_to_cart_laptop' (dist=3)
2025-12-28 06:45:16,982 [INFO] [add_laptop] healing successful
2025-12-28 06:45:16,982 [INFO] [Performance] Method=Levenshtein, Time=0.0662s, Scanned=3, Success=True
2025-12-28 06:45:16,982 [INFO] [add_laptop] Healed locator: id=add_to_cart_laptop (Levenshtein (dist=3))
2025-12-28 06:45:17,201 [INFO] [checkout_btn] Using initial locator: id=checkout_nw
2025-12-28 06:45:27,630 [WARNING] [checkout_btn] Primary locator failed: id=checkout_nw (TimeoutException)
2025-12-28 06:45:27,631 [INFO] [checkout_btn] (Levenshtein) Healing attempt for id=checkout_nw
2025-12-28 06:45:27,682 [INFO] [checkout_btn] Found Levenshtein match: 'checkout_now' (dist=1)
2025-12-28 06:45:27,700 [INFO] [checkout_btn] healing successful
2025-12-28 06:45:27,701 [INFO] [Performance] Method=Levenshtein, Time=0.0701s, Scanned=3, Success=True
2025-12-28 06:45:27,701 [INFO] [checkout_btn] Healed locator: id=checkout_now (Levenshtein (dist=1))
2025-12-28 06:45:27,933 [INFO] --- SCENARIO 3: BLOG (Levenshtein) ---
2025-12-28 06:45:27,934 [INFO] Navigating to file:///C:\Users\zubai\Documents\My_AutoHeal\page_blog.html
2025-12-28 06:45:28,012 [INFO] [read_more] Using initial locator: id=read_more_lnk
2025-12-28 06:45:38,066 [WARNING] [read_more] Primary locator failed: id=read_more_lnk (TimeoutException)
2025-12-28 06:45:38,067 [INFO] [read_more] (Levenshtein) Healing attempt for id=read_more_lnk
2025-12-28 06:45:38,145 [INFO] [read_more] Found Levenshtein match: 'read_more_link' (dist=1)
2025-12-28 06:45:38,171 [INFO] [read_more] healing successful
2025-12-28 06:45:38,171 [INFO] [Performance] Method=Levenshtein, Time=0.1041s, Scanned=4, Success=True
2025-12-28 06:45:38,171 [INFO] [read_more] Healed locator: id=read_more_link (Levenshtein (dist=1))
2025-12-28 06:45:38,390 [INFO] [comment_box] Using initial locator: id=cmmnt_box
2025-12-28 06:45:48,809 [WARNING] [comment_box] Primary locator failed: id=cmmnt_box (TimeoutException)
2025-12-28 06:45:48,809 [INFO] [comment_box] (Levenshtein) Healing attempt for id=cmmnt_box
2025-12-28 06:45:48,873 [INFO] [comment_box] Found Levenshtein match: 'comment_box' (dist=2)
2025-12-28 06:45:48,891 [INFO] [comment_box] healing successful
2025-12-28 06:45:48,891 [INFO] [Performance] Method=Levenshtein, Time=0.0825s, Scanned=4, Success=True
2025-12-28 06:45:48,891 [INFO] [comment_box] Healed locator: id=comment_box (Levenshtein (dist=2))
2025-12-28 06:45:49,061 [INFO] [post_comment] Using initial locator: id=post_commnt_btn
2025-12-28 06:45:59,481 [WARNING] [post_comment] Primary locator failed: id=post_commnt_btn (TimeoutException)
2025-12-28 06:45:59,481 [INFO] [post_comment] (Levenshtein) Healing attempt for id=post_commnt_btn
2025-12-28 06:45:59,545 [INFO] [post_comment] Found Levenshtein match: 'post_comment_btn' (dist=1)
2025-12-28 06:45:59,562 [INFO] [post_comment] healing successful
2025-12-28 06:45:59,562 [INFO] [Performance] Method=Levenshtein, Time=0.0803s, Scanned=4, Success=True
2025-12-28 06:45:59,562 [INFO] [post_comment] Healed locator: id=post_comment_btn (Levenshtein (dist=1))
2025-12-28 06:45:59,747 [INFO] --- SCENARIO 4: DASHBOARD (Levenshtein) ---
2025-12-28 06:45:59,748 [INFO] Navigating to file:///C:\Users\zubai\Documents\My_AutoHeal\page_dashboard.html
2025-12-28 06:45:59,811 [INFO] [update_settings] Using initial locator: id=update_settngs_btn
2025-12-28 06:46:10,268 [WARNING] [update_settings] Primary locator failed: id=update_settngs_btn (TimeoutException)
2025-12-28 06:46:10,268 [INFO] [update_settings] (Levenshtein) Healing attempt for id=update_settngs_btn
2025-12-28 06:46:10,319 [INFO] [update_settings] Found Levenshtein match: 'update_settings_btn' (dist=1)
2025-12-28 06:46:10,338 [INFO] [update_settings] healing successful
2025-12-28 06:46:10,338 [INFO] [Performance] Method=Levenshtein, Time=0.0702s, Scanned=3, Success=True
2025-12-28 06:46:10,339 [INFO] [update_settings] Healed locator: id=update_settings_btn (Levenshtein (dist=1))
2025-12-28 06:46:10,563 [INFO] [toggle_dark] Using initial locator: id=togle_dark_mode
2025-12-28 06:46:20,579 [WARNING] [toggle_dark] Primary locator failed: id=togle_dark_mode (TimeoutException)
2025-12-28 06:46:20,579 [INFO] [toggle_dark] (Levenshtein) Healing attempt for id=togle_dark_mode
2025-12-28 06:46:20,635 [INFO] [toggle_dark] Found Levenshtein match: 'toggle_dark_mode' (dist=1)
2025-12-28 06:46:20,655 [INFO] [toggle_dark] healing successful
2025-12-28 06:46:20,655 [INFO] [Performance] Method=Levenshtein, Time=0.0759s, Scanned=3, Success=True
2025-12-28 06:46:20,655 [INFO] [toggle_dark] Healed locator: id=toggle_dark_mode (Levenshtein (dist=1))
2025-12-28 06:46:20,883 [INFO] --- SCENARIO 5: CONTACT (Levenshtein) ---
2025-12-28 06:46:20,883 [INFO] Navigating to file:///C:\Users\zubai\Documents\My_AutoHeal\page_contact.html
2025-12-28 06:46:20,940 [INFO] [contact_name] Using initial locator: id=cntact_name
2025-12-28 06:46:31,418 [WARNING] [contact_name] Primary locator failed: id=cntact_name (TimeoutException)
2025-12-28 06:46:31,418 [INFO] [contact_name] (Levenshtein) Healing attempt for id=cntact_name
2025-12-28 06:46:31,471 [INFO] [contact_name] Found Levenshtein match: 'contact_name' (dist=1)
2025-12-28 06:46:31,487 [INFO] [contact_name] healing successful
2025-12-28 06:46:31,487 [INFO] [Performance] Method=Levenshtein, Time=0.0689s, Scanned=3, Success=True
2025-12-28 06:46:31,487 [INFO] [contact_name] Healed locator: id=contact_name (Levenshtein (dist=1))
2025-12-28 06:46:31,686 [INFO] [send_btn] Using initial locator: id=send_msg_btn
2025-12-28 06:46:42,118 [WARNING] [send_btn] Primary locator failed: id=send_msg_btn (TimeoutException)
2025-12-28 06:46:42,119 [INFO] [send_btn] (Levenshtein) Healing attempt for id=send_msg_btn
2025-12-28 06:46:42,175 [INFO] [send_btn] Found Levenshtein match: 'send_message_btn' (dist=4)
2025-12-28 06:46:42,198 [INFO] [send_btn] healing successful
2025-12-28 06:46:42,198 [INFO] [Performance] Method=Levenshtein, Time=0.0797s, Scanned=3, Success=True
2025-12-28 06:46:42,198 [INFO] [send_btn] Healed locator: id=send_message_btn (Levenshtein (dist=4))
2025-12-28 06:48:22,934 [INFO] --- SCENARIO 1: LOGIN (Levenshtein) ---
2025-12-28 06:48:22,935 [INFO] Navigating to file:///C:\Users\zubai\Documents\My_AutoHeal\index.html
2025-12-28 06:48:23,298 [INFO] [login_button] Using initial locator: id=login-btn-prmary
2025-12-28 06:48:33,776 [WARNING] [login_button] Primary locator failed: id=login-btn-prmary (TimeoutException)
2025-12-28 06:48:33,777 [INFO] [login_button] (Levenshtein) Healing attempt for id=login-btn-prmary
2025-12-28 06:48:33,876 [INFO] [login_button] Found Levenshtein match: 'login-btn-primary' (dist=1)
2025-12-28 06:48:33,895 [INFO] [login_button] healing successful
2025-12-28 06:48:33,895 [INFO] [Performance] Method=Levenshtein, Time=0.1187s, Scanned=6, Success=True
2025-12-28 06:48:33,895 [INFO] [login_button] Healed locator: id=login-btn-primary (Levenshtein (dist=1))
2025-12-28 06:48:34,103 [INFO] [delete_alice_btn] Using initial locator: id=delete-alice-btn-prim
2025-12-28 06:48:44,556 [WARNING] [delete_alice_btn] Primary locator failed: id=delete-alice-btn-prim (TimeoutException)
2025-12-28 06:48:44,557 [INFO] [delete_alice_btn] (Levenshtein) Healing attempt for id=delete-alice-btn-prim
2025-12-28 06:48:44,654 [INFO] [delete_alice_btn] Found Levenshtein match: 'delete-alice-btn-primary' (dist=3)
2025-12-28 06:48:44,670 [INFO] [delete_alice_btn] healing successful
2025-12-28 06:48:44,670 [INFO] [Performance] Method=Levenshtein, Time=0.1133s, Scanned=6, Success=True
2025-12-28 06:48:44,670 [INFO] [delete_alice_btn] Healed locator: id=delete-alice-btn-primary (Levenshtein (dist=3))
2025-12-28 06:48:44,877 [INFO] [profile_email_input] Using initial locator: id=profile_emal
2025-12-28 06:48:55,359 [WARNING] [profile_email_input] Primary locator failed: id=profile_emal (TimeoutException)
2025-12-28 06:48:55,360 [INFO] [profile_email_input] (Levenshtein) Healing attempt for id=profile_emal
2025-12-28 06:48:55,453 [INFO] [profile_email_input] Found Levenshtein match: 'profile_email' (dist=1)
2025-12-28 06:48:55,470 [INFO] [profile_email_input] healing successful
2025-12-28 06:48:55,470 [INFO] [Performance] Method=Levenshtein, Time=0.1106s, Scanned=6, Success=True
2025-12-28 06:48:55,470 [INFO] [profile_email_input] Healed locator: id=profile_email (Levenshtein (dist=1))
2025-12-28 06:48:55,683 [INFO] [save_profile_btn] Using initial locator: id=btn_save_prfile
2025-12-28 06:49:06,175 [WARNING] [save_profile_btn] Primary locator failed: id=btn_save_prfile (TimeoutException)
2025-12-28 06:49:06,175 [INFO] [save_profile_btn] (Levenshtein) Healing attempt for id=btn_save_prfile
2025-12-28 06:49:06,267 [INFO] [save_profile_btn] Found Levenshtein match: 'btn_save_profile' (dist=1)
2025-12-28 06:49:06,288 [INFO] [save_profile_btn] healing successful
2025-12-28 06:49:06,288 [INFO] [Performance] Method=Levenshtein, Time=0.1133s, Scanned=6, Success=True
2025-12-28 06:49:06,289 [INFO] [save_profile_btn] Healed locator: id=btn_save_profile (Levenshtein (dist=1))
2025-12-28 06:49:06,507 [INFO] --- SCENARIO 2: E-COMMERCE (Levenshtein) ---
2025-12-28 06:49:06,508 [INFO] Navigating to file:///C:\Users\zubai\Documents\My_AutoHeal\page_ecommerce.html
2025-12-28 06:49:06,572 [INFO] [search_box] Using initial locator: id=search_box_v
2025-12-28 06:49:17,058 [WARNING] [search_box] Primary locator failed: id=search_box_v (TimeoutException)
2025-12-28 06:49:17,059 [INFO] [search_box] (Levenshtein) Healing attempt for id=search_box_v
2025-12-28 06:49:17,125 [INFO] [search_box] Found Levenshtein match: 'search_box_v2' (dist=1)
2025-12-28 06:49:17,141 [INFO] [search_box] healing successful
2025-12-28 06:49:17,141 [INFO] [Performance] Method=Levenshtein, Time=0.0823s, Scanned=3, Success=True
2025-12-28 06:49:17,141 [INFO] [search_box] Healed locator: id=search_box_v2 (Levenshtein (dist=1))
2025-12-28 06:49:17,300 [INFO] [add_laptop] Using initial locator: id=add_cart_laptop
2025-12-28 06:49:27,779 [WARNING] [add_laptop] Primary locator failed: id=add_cart_laptop (TimeoutException)
2025-12-28 06:49:27,780 [INFO] [add_laptop] (Levenshtein) Healing attempt for id=add_cart_laptop
2025-12-28 06:49:27,829 [INFO] [add_laptop] Found Levenshtein match: 'add_to_cart_laptop' (dist=3)
2025-12-28 06:49:27,845 [INFO] [add_laptop] healing successful
2025-12-28 06:49:27,845 [INFO] [Performance] Method=Levenshtein, Time=0.0652s, Scanned=3, Success=True
2025-12-28 06:49:27,845 [INFO] [add_laptop] Healed locator: id=add_to_cart_laptop (Levenshtein (dist=3))
2025-12-28 06:49:28,036 [INFO] [checkout_btn] Using initial locator: id=checkout_nw
2025-12-28 06:49:38,509 [WARNING] [checkout_btn] Primary locator failed: id=checkout_nw (TimeoutException)
2025-12-28 06:49:38,509 [INFO] [checkout_btn] (Levenshtein) Healing attempt for id=checkout_nw
2025-12-28 06:49:38,557 [INFO] [checkout_btn] Found Levenshtein match: 'checkout_now' (dist=1)
2025-12-28 06:49:38,573 [INFO] [checkout_btn] healing successful
2025-12-28 06:49:38,573 [INFO] [Performance] Method=Levenshtein, Time=0.0638s, Scanned=3, Success=True
2025-12-28 06:49:38,573 [INFO] [checkout_btn] Healed locator: id=checkout_now (Levenshtein (dist=1))
2025-12-28 06:49:38,791 [INFO] --- SCENARIO 3: BLOG (Levenshtein) ---
2025-12-28 06:49:38,792 [INFO] Navigating to file:///C:\Users\zubai\Documents\My_AutoHeal\page_blog.html
2025-12-28 06:49:38,862 [INFO] [read_more] Using initial locator: id=read_more_lnk
2025-12-28 06:49:49,333 [WARNING] [read_more] Primary locator failed: id=read_more_lnk (TimeoutException)
2025-12-28 06:49:49,334 [INFO] [read_more] (Levenshtein) Healing attempt for id=read_more_lnk
2025-12-28 06:49:49,393 [INFO] [read_more] Found Levenshtein match: 'read_more_link' (dist=1)
2025-12-28 06:49:49,409 [INFO] [read_more] healing successful
2025-12-28 06:49:49,409 [INFO] [Performance] Method=Levenshtein, Time=0.0754s, Scanned=4, Success=True
2025-12-28 06:49:49,409 [INFO] [read_more] Healed locator: id=read_more_link (Levenshtein (dist=1))
2025-12-28 06:49:49,605 [INFO] [comment_box] Using initial locator: id=cmmnt_box
2025-12-28 06:49:59,620 [WARNING] [comment_box] Primary locator failed: id=cmmnt_box (TimeoutException)
2025-12-28 06:49:59,620 [INFO] [comment_box] (Levenshtein) Healing attempt for id=cmmnt_box
2025-12-28 06:49:59,689 [INFO] [comment_box] Found Levenshtein match: 'comment_box' (dist=2)
2025-12-28 06:49:59,705 [INFO] [comment_box] healing successful
2025-12-28 06:49:59,705 [INFO] [Performance] Method=Levenshtein, Time=0.0852s, Scanned=4, Success=True
2025-12-28 06:49:59,706 [INFO] [comment_box] Healed locator: id=comment_box (Levenshtein (dist=2))
2025-12-28 06:49:59,865 [INFO] [post_comment] Using initial locator: id=post_commnt_btn
2025-12-28 06:50:10,336 [WARNING] [post_comment] Primary locator failed: id=post_commnt_btn (TimeoutException)
2025-12-28 06:50:10,336 [INFO] [post_comment] (Levenshtein) Healing attempt for id=post_commnt_btn
2025-12-28 06:50:10,395 [INFO] [post_comment] Found Levenshtein match: 'post_comment_btn' (dist=1)
2025-12-28 06:50:10,412 [INFO] [post_comment] healing successful
2025-12-28 06:50:10,413 [INFO] [Performance] Method=Levenshtein, Time=0.0768s, Scanned=4, Success=True
2025-12-28 06:50:10,413 [INFO] [post_comment] Healed locator: id=post_comment_btn (Levenshtein (dist=1))
2025-12-28 06:50:10,607 [INFO] --- SCENARIO 4: DASHBOARD (Levenshtein) ---
2025-12-28 06:50:10,607 [INFO] Navigating to file:///C:\Users\zubai\Documents\My_AutoHeal\page_dashboard.html
2025-12-28 06:50:10,666 [INFO] [update_settings] Using initial locator: id=update_settngs_btn
2025-12-28 06:50:21,111 [WARNING] [update_settings] Primary locator failed: id=update_settngs_btn (TimeoutException)
2025-12-28 06:50:21,111 [INFO] [update_settings] (Levenshtein) Healing attempt for id=update_settngs_btn
2025-12-28 06:50:21,161 [INFO] [update_settings] Found Levenshtein match: 'update_settings_btn' (dist=1)
2025-12-28 06:50:21,178 [INFO] [update_settings] healing successful
2025-12-28 06:50:21,178 [INFO] [Performance] Method=Levenshtein, Time=0.0664s, Scanned=3, Success=True
2025-12-28 06:50:21,178 [INFO] [update_settings] Healed locator: id=update_settings_btn (Levenshtein (dist=1))
2025-12-28 06:50:21,386 [INFO] [toggle_dark] Using initial locator: id=togle_dark_mode
2025-12-28 06:50:31,839 [WARNING] [toggle_dark] Primary locator failed: id=togle_dark_mode (TimeoutException)
2025-12-28 06:50:31,840 [INFO] [toggle_dark] (Levenshtein) Healing attempt for id=togle_dark_mode
2025-12-28 06:50:31,882 [INFO] [toggle_dark] Found Levenshtein match: 'toggle_dark_mode' (dist=1)
2025-12-28 06:50:31,898 [INFO] [toggle_dark] healing successful
2025-12-28 06:50:31,898 [INFO] [Performance] Method=Levenshtein, Time=0.0584s, Scanned=3, Success=True
2025-12-28 06:50:31,898 [INFO] [toggle_dark] Healed locator: id=toggle_dark_mode (Levenshtein (dist=1))
2025-12-28 06:50:32,087 [INFO] --- SCENARIO 5: CONTACT (Levenshtein) ---
2025-12-28 06:50:32,087 [INFO] Navigating to file:///C:\Users\zubai\Documents\My_AutoHeal\page_contact.html
2025-12-28 06:50:32,149 [INFO] [contact_name] Using initial locator: id=cntact_name
2025-12-28 06:50:42,637 [WARNING] [contact_name] Primary locator failed: id=cntact_name (TimeoutException)
2025-12-28 06:50:42,637 [INFO] [contact_name] (Levenshtein) Healing attempt for id=cntact_name
2025-12-28 06:50:42,693 [INFO] [contact_name] Found Levenshtein match: 'contact_name' (dist=1)
2025-12-28 06:50:42,715 [INFO] [contact_name] healing successful
2025-12-28 06:50:42,715 [INFO] [Performance] Method=Levenshtein, Time=0.0783s, Scanned=3, Success=True
2025-12-28 06:50:42,716 [INFO] [contact_name] Healed locator: id=contact_name (Levenshtein (dist=1))
2025-12-28 06:50:42,899 [INFO] [send_btn] Using initial locator: id=send_msg_btn
2025-12-28 06:50:53,377 [WARNING] [send_btn] Primary locator failed: id=send_msg_btn (TimeoutException)
2025-12-28 06:50:53,378 [INFO] [send_btn] (Levenshtein) Healing attempt for id=send_msg_btn
2025-12-28 06:50:53,436 [INFO] [send_btn] Found Levenshtein match: 'send_message_btsssn' (dist=7)
2025-12-28 06:50:53,452 [INFO] [send_btn] healing successful
2025-12-28 06:50:53,453 [INFO] [Performance] Method=Levenshtein, Time=0.0749s, Scanned=3, Success=True
2025-12-28 06:50:53,453 [INFO] [send_btn] Healed locator: id=send_message_btsssn (Levenshtein (dist=7))
2025-12-28 06:51:02,511 [INFO] --- SCENARIO 1: LOGIN (Levenshtein) ---
2025-12-28 06:51:02,511 [INFO] Navigating to file:///C:\Users\zubai\Documents\My_AutoHeal\index.html
2025-12-28 06:51:02,833 [INFO] [login_button] Using initial locator: id=login-btn-prmary
2025-12-28 06:51:13,285 [WARNING] [login_button] Primary locator failed: id=login-btn-prmary (TimeoutException)
2025-12-28 06:51:13,285 [INFO] [login_button] (Levenshtein) Healing attempt for id=login-btn-prmary
2025-12-28 06:51:13,388 [INFO] [login_button] Found Levenshtein match: 'login-btn-primary' (dist=1)
2025-12-28 06:51:13,406 [INFO] [login_button] healing successful
2025-12-28 06:51:13,406 [INFO] [Performance] Method=Levenshtein, Time=0.1212s, Scanned=6, Success=True
2025-12-28 06:51:13,406 [INFO] [login_button] Healed locator: id=login-btn-primary (Levenshtein (dist=1))
2025-12-28 06:51:13,635 [INFO] [delete_alice_btn] Using initial locator: id=delete-alice-btn-prim
2025-12-28 06:51:24,145 [WARNING] [delete_alice_btn] Primary locator failed: id=delete-alice-btn-prim (TimeoutException)
2025-12-28 06:51:24,145 [INFO] [delete_alice_btn] (Levenshtein) Healing attempt for id=delete-alice-btn-prim
2025-12-28 06:51:24,228 [INFO] [delete_alice_btn] Found Levenshtein match: 'delete-alice-btn-primary' (dist=3)
2025-12-28 06:51:24,246 [INFO] [delete_alice_btn] healing successful
2025-12-28 06:51:24,247 [INFO] [Performance] Method=Levenshtein, Time=0.1012s, Scanned=6, Success=True
2025-12-28 06:51:24,247 [INFO] [delete_alice_btn] Healed locator: id=delete-alice-btn-primary (Levenshtein (dist=3))
2025-12-28 06:51:24,485 [INFO] [profile_email_input] Using initial locator: id=profile_emal
2025-12-28 06:51:34,982 [WARNING] [profile_email_input] Primary locator failed: id=profile_emal (TimeoutException)
2025-12-28 06:51:34,982 [INFO] [profile_email_input] (Levenshtein) Healing attempt for id=profile_emal
2025-12-28 06:51:35,068 [INFO] [profile_email_input] Found Levenshtein match: 'profile_email' (dist=1)
2025-12-28 06:51:35,092 [INFO] [profile_email_input] healing successful
2025-12-28 06:51:35,092 [INFO] [Performance] Method=Levenshtein, Time=0.1100s, Scanned=6, Success=True
2025-12-28 06:51:35,092 [INFO] [profile_email_input] Healed locator: id=profile_email (Levenshtein (dist=1))
2025-12-28 06:51:35,351 [INFO] [save_profile_btn] Using initial locator: id=btn_save_prfile
2025-12-28 06:51:45,844 [WARNING] [save_profile_btn] Primary locator failed: id=btn_save_prfile (TimeoutException)
2025-12-28 06:51:45,845 [INFO] [save_profile_btn] (Levenshtein) Healing attempt for id=btn_save_prfile
2025-12-28 06:51:45,932 [INFO] [save_profile_btn] Found Levenshtein match: 'btn_save_profile' (dist=1)
2025-12-28 06:51:45,950 [INFO] [save_profile_btn] healing successful
2025-12-28 06:51:45,950 [INFO] [Performance] Method=Levenshtein, Time=0.1054s, Scanned=6, Success=True
2025-12-28 06:51:45,950 [INFO] [save_profile_btn] Healed locator: id=btn_save_profile (Levenshtein (dist=1))
2025-12-28 06:51:46,162 [INFO] --- SCENARIO 2: E-COMMERCE (Levenshtein) ---
2025-12-28 06:51:46,163 [INFO] Navigating to file:///C:\Users\zubai\Documents\My_AutoHeal\page_ecommerce.html
2025-12-28 06:51:46,226 [INFO] [search_box] Using initial locator: id=search_box_v
2025-12-28 06:51:56,686 [WARNING] [search_box] Primary locator failed: id=search_box_v (TimeoutException)
2025-12-28 06:51:56,686 [INFO] [search_box] (Levenshtein) Healing attempt for id=search_box_v
2025-12-28 06:51:56,736 [INFO] [search_box] Found Levenshtein match: 'search_box_v2' (dist=1)
2025-12-28 06:51:56,754 [INFO] [search_box] healing successful
2025-12-28 06:51:56,755 [INFO] [Performance] Method=Levenshtein, Time=0.0682s, Scanned=3, Success=True
2025-12-28 06:51:56,755 [INFO] [search_box] Healed locator: id=search_box_v2 (Levenshtein (dist=1))
2025-12-28 06:51:56,991 [INFO] [add_laptop] Using initial locator: id=add_cart_laptop
2025-12-28 06:52:07,468 [WARNING] [add_laptop] Primary locator failed: id=add_cart_laptop (TimeoutException)
2025-12-28 06:52:07,469 [INFO] [add_laptop] (Levenshtein) Healing attempt for id=add_cart_laptop
2025-12-28 06:52:07,517 [INFO] [add_laptop] Found Levenshtein match: 'add_to_cart_laptop' (dist=3)
2025-12-28 06:52:07,534 [INFO] [add_laptop] healing successful
2025-12-28 06:52:07,534 [INFO] [Performance] Method=Levenshtein, Time=0.0654s, Scanned=3, Success=True
2025-12-28 06:52:07,534 [INFO] [add_laptop] Healed locator: id=add_to_cart_laptop (Levenshtein (dist=3))
2025-12-28 06:52:07,758 [INFO] [checkout_btn] Using initial locator: id=checkout_nw
2025-12-28 06:52:18,225 [WARNING] [checkout_btn] Primary locator failed: id=checkout_nw (TimeoutException)
2025-12-28 06:52:18,225 [INFO] [checkout_btn] (Levenshtein) Healing attempt for id=checkout_nw
2025-12-28 06:52:18,282 [INFO] [checkout_btn] Found Levenshtein match: 'checkout_now' (dist=1)
2025-12-28 06:52:18,305 [INFO] [checkout_btn] healing successful
2025-12-28 06:52:18,305 [INFO] [Performance] Method=Levenshtein, Time=0.0799s, Scanned=3, Success=True
2025-12-28 06:52:18,305 [INFO] [checkout_btn] Healed locator: id=checkout_now (Levenshtein (dist=1))
2025-12-28 06:52:18,540 [INFO] --- SCENARIO 3: BLOG (Levenshtein) ---
2025-12-28 06:52:18,541 [INFO] Navigating to file:///C:\Users\zubai\Documents\My_AutoHeal\page_blog.html
2025-12-28 06:52:18,606 [INFO] [read_more] Using initial locator: id=read_more_lnk
2025-12-28 06:52:29,048 [WARNING] [read_more] Primary locator failed: id=read_more_lnk (TimeoutException)
2025-12-28 06:52:29,048 [INFO] [read_more] (Levenshtein) Healing attempt for id=read_more_lnk
2025-12-28 06:52:29,113 [INFO] [read_more] Found Levenshtein match: 'read_more_link' (dist=1)
2025-12-28 06:52:29,131 [INFO] [read_more] healing successful
2025-12-28 06:52:29,131 [INFO] [Performance] Method=Levenshtein, Time=0.0828s, Scanned=4, Success=True
2025-12-28 06:52:29,132 [INFO] [read_more] Healed locator: id=read_more_link (Levenshtein (dist=1))
2025-12-28 06:52:29,355 [INFO] [comment_box] Using initial locator: id=cmmnt_box
2025-12-28 06:52:39,797 [WARNING] [comment_box] Primary locator failed: id=cmmnt_box (TimeoutException)
2025-12-28 06:52:39,798 [INFO] [comment_box] (Levenshtein) Healing attempt for id=cmmnt_box
2025-12-28 06:52:39,865 [INFO] [comment_box] Found Levenshtein match: 'comment_box' (dist=2)
2025-12-28 06:52:39,880 [INFO] [comment_box] healing successful
2025-12-28 06:52:39,880 [INFO] [Performance] Method=Levenshtein, Time=0.0825s, Scanned=4, Success=True
2025-12-28 06:52:39,880 [INFO] [comment_box] Healed locator: id=comment_box (Levenshtein (dist=2))
2025-12-28 06:52:40,030 [INFO] [post_comment] Using initial locator: id=post_commnt_btn
2025-12-28 06:52:50,481 [WARNING] [post_comment] Primary locator failed: id=post_commnt_btn (TimeoutException)
2025-12-28 06:52:50,481 [INFO] [post_comment] (Levenshtein) Healing attempt for id=post_commnt_btn
2025-12-28 06:52:50,540 [INFO] [post_comment] Found Levenshtein match: 'post_comment_btn' (dist=1)
2025-12-28 06:52:50,556 [INFO] [post_comment] healing successful
2025-12-28 06:52:50,556 [INFO] [Performance] Method=Levenshtein, Time=0.0750s, Scanned=4, Success=True
2025-12-28 06:52:50,556 [INFO] [post_comment] Healed locator: id=post_comment_btn (Levenshtein (dist=1))
2025-12-28 06:52:50,773 [INFO] --- SCENARIO 4: DASHBOARD (Levenshtein) ---
2025-12-28 06:52:50,773 [INFO] Navigating to file:///C:\Users\zubai\Documents\My_AutoHeal\page_dashboard.html
2025-12-28 06:52:50,844 [INFO] [update_settings] Using initial locator: id=update_settngs_btn
2025-12-28 06:53:00,916 [WARNING] [update_settings] Primary locator failed: id=update_settngs_btn (TimeoutException)
2025-12-28 06:53:00,916 [INFO] [update_settings] (Levenshtein) Healing attempt for id=update_settngs_btn
2025-12-28 06:53:00,966 [INFO] [update_settings] Found Levenshtein match: 'update_settings_btn' (dist=1)
2025-12-28 06:53:00,984 [INFO] [update_settings] healing successful
2025-12-28 06:53:00,984 [INFO] [Performance] Method=Levenshtein, Time=0.0681s, Scanned=3, Success=True
2025-12-28 06:53:00,984 [INFO] [update_settings] Healed locator: id=update_settings_btn (Levenshtein (dist=1))
2025-12-28 06:53:01,179 [INFO] [toggle_dark] Using initial locator: id=togle_dark_mode
2025-12-28 06:53:11,599 [WARNING] [toggle_dark] Primary locator failed: id=togle_dark_mode (TimeoutException)
2025-12-28 06:53:11,599 [INFO] [toggle_dark] (Levenshtein) Healing attempt for id=togle_dark_mode
2025-12-28 06:53:11,644 [INFO] [toggle_dark] Found Levenshtein match: 'toggle_dark_mode' (dist=1)
2025-12-28 06:53:11,661 [INFO] [toggle_dark] healing successful
2025-12-28 06:53:11,661 [INFO] [Performance] Method=Levenshtein, Time=0.0616s, Scanned=3, Success=True
2025-12-28 06:53:11,661 [INFO] [toggle_dark] Healed locator: id=toggle_dark_mode (Levenshtein (dist=1))
2025-12-28 06:53:11,849 [INFO] --- SCENARIO 5: CONTACT (Levenshtein) ---
2025-12-28 06:53:11,849 [INFO] Navigating to file:///C:\Users\zubai\Documents\My_AutoHeal\page_contact.html
2025-12-28 06:53:11,914 [INFO] [contact_name] Using initial locator: id=cntact_name
2025-12-28 06:53:22,354 [WARNING] [contact_name] Primary locator failed: id=cntact_name (TimeoutException)
2025-12-28 06:53:22,354 [INFO] [contact_name] (Levenshtein) Healing attempt for id=cntact_name
2025-12-28 06:53:22,398 [INFO] [contact_name] Found Levenshtein match: 'contact_name' (dist=1)
2025-12-28 06:53:22,415 [INFO] [contact_name] healing successful
2025-12-28 06:53:22,415 [INFO] [Performance] Method=Levenshtein, Time=0.0608s, Scanned=3, Success=True
2025-12-28 06:53:22,415 [INFO] [contact_name] Healed locator: id=contact_name (Levenshtein (dist=1))
2025-12-28 06:53:22,574 [INFO] [send_btn] Using initial locator: id=send_msg_btn
2025-12-28 06:53:33,028 [WARNING] [send_btn] Primary locator failed: id=send_msg_btn (TimeoutException)
2025-12-28 06:53:33,028 [INFO] [send_btn] (Levenshtein) Healing attempt for id=send_msg_btn
2025-12-28 06:53:33,076 [INFO] [send_btn] Found Levenshtein match: 'send_message_btsssn' (dist=7)
2025-12-28 06:53:33,093 [INFO] [send_btn] healing successful
2025-12-28 06:53:33,093 [INFO] [Performance] Method=Levenshtein, Time=0.0645s, Scanned=3, Success=True
2025-12-28 06:53:33,093 [INFO] [send_btn] Healed locator: id=send_message_btsssn (Levenshtein (dist=7))
2026-01-05 04:11:04,093 [INFO] --- SCENARIO 1: LOGIN (Levenshtein) ---
2026-01-05 04:11:04,093 [INFO] Navigating to file:///E:\Advance_Masters_Project\My_AutoHeal_v2\My_AutoHeal\index.html
2026-01-05 04:11:04,424 [INFO] [login_button] Using initial locator: id=login-btn-prmary
2026-01-05 04:11:14,957 [WARNING] [login_button] Primary locator failed: id=login-btn-prmary (TimeoutException)
2026-01-05 04:11:14,957 [INFO] [login_button] (Levenshtein) Healing attempt for id=login-btn-prmary
2026-01-05 04:11:15,074 [INFO] [login_button] Found Levenshtein match: 'login-btn-primary' (dist=1)
2026-01-05 04:11:15,098 [INFO] [login_button] healing successful
2026-01-05 04:11:15,098 [INFO] [Performance] Method=Levenshtein, Time=0.1406s, Scanned=6, Success=True
2026-01-05 04:11:15,098 [INFO] [login_button] Healed locator: id=login-btn-primary (Levenshtein (dist=1))
2026-01-05 04:11:15,367 [INFO] [delete_alice_btn] Using initial locator: id=delete-alice-btn-prim
2026-01-05 04:11:25,400 [WARNING] [delete_alice_btn] Primary locator failed: id=delete-alice-btn-prim (TimeoutException)
2026-01-05 04:11:25,400 [INFO] [delete_alice_btn] (Levenshtein) Healing attempt for id=delete-alice-btn-prim
2026-01-05 04:11:25,498 [INFO] [delete_alice_btn] Found Levenshtein match: 'delete-alice-btn-primary' (dist=3)
2026-01-05 04:11:25,520 [INFO] [delete_alice_btn] healing successful
2026-01-05 04:11:25,520 [INFO] [Performance] Method=Levenshtein, Time=0.1205s, Scanned=6, Success=True
2026-01-05 04:11:25,520 [INFO] [delete_alice_btn] Healed locator: id=delete-alice-btn-primary (Levenshtein (dist=3))
2026-01-05 04:11:25,756 [INFO] [profile_email_input] Using initial locator: id=profile_emal
2026-01-05 04:11:36,265 [WARNING] [profile_email_input] Primary locator failed: id=profile_emal (TimeoutException)
2026-01-05 04:11:36,265 [INFO] [profile_email_input] (Levenshtein) Healing attempt for id=profile_emal
2026-01-05 04:11:36,361 [INFO] [profile_email_input] Found Levenshtein match: 'profile_email' (dist=1)
2026-01-05 04:11:36,382 [INFO] [profile_email_input] healing successful
2026-01-05 04:11:36,382 [INFO] [Performance] Method=Levenshtein, Time=0.1166s, Scanned=6, Success=True
2026-01-05 04:11:36,382 [INFO] [profile_email_input] Healed locator: id=profile_email (Levenshtein (dist=1))
2026-01-05 04:11:36,661 [INFO] [save_profile_btn] Using initial locator: id=btn_save_prfile
2026-01-05 04:11:46,684 [WARNING] [save_profile_btn] Primary locator failed: id=btn_save_prfile (TimeoutException)
2026-01-05 04:11:46,684 [INFO] [save_profile_btn] (Levenshtein) Healing attempt for id=btn_save_prfile
2026-01-05 04:11:46,784 [INFO] [save_profile_btn] Found Levenshtein match: 'btn_save_profile' (dist=1)
2026-01-05 04:11:46,806 [INFO] [save_profile_btn] healing successful
2026-01-05 04:11:46,806 [INFO] [Performance] Method=Levenshtein, Time=0.1223s, Scanned=6, Success=True
2026-01-05 04:11:46,806 [INFO] [save_profile_btn] Healed locator: id=btn_save_profile (Levenshtein (dist=1))
2026-01-05 04:11:47,045 [INFO] --- SCENARIO 2: E-COMMERCE (Levenshtein) ---
2026-01-05 04:11:47,045 [INFO] Navigating to file:///E:\Advance_Masters_Project\My_AutoHeal_v2\My_AutoHeal\page_ecommerce.html
2026-01-05 04:11:47,108 [INFO] [search_box] Using initial locator: id=search_box_v
2026-01-05 04:11:57,616 [WARNING] [search_box] Primary locator failed: id=search_box_v (TimeoutException)
2026-01-05 04:11:57,616 [INFO] [search_box] (Levenshtein) Healing attempt for id=search_box_v
2026-01-05 04:11:57,664 [INFO] [search_box] Found Levenshtein match: 'search_box_v2' (dist=1)
2026-01-05 04:11:57,697 [INFO] [search_box] healing successful
2026-01-05 04:11:57,697 [INFO] [Performance] Method=Levenshtein, Time=0.0807s, Scanned=3, Success=True
2026-01-05 04:11:57,697 [INFO] [search_box] Healed locator: id=search_box_v2 (Levenshtein (dist=1))
2026-01-05 04:11:57,919 [INFO] [add_laptop] Using initial locator: id=add_cart_laptop
2026-01-05 04:12:08,447 [WARNING] [add_laptop] Primary locator failed: id=add_cart_laptop (TimeoutException)
2026-01-05 04:12:08,447 [INFO] [add_laptop] (Levenshtein) Healing attempt for id=add_cart_laptop
2026-01-05 04:12:08,506 [INFO] [add_laptop] Found Levenshtein match: 'add_to_cart_laptop' (dist=3)
2026-01-05 04:12:08,529 [INFO] [add_laptop] healing successful
2026-01-05 04:12:08,529 [INFO] [Performance] Method=Levenshtein, Time=0.0824s, Scanned=3, Success=True
2026-01-05 04:12:08,529 [INFO] [add_laptop] Healed locator: id=add_to_cart_laptop (Levenshtein (dist=3))
2026-01-05 04:12:08,774 [INFO] [checkout_btn] Using initial locator: id=checkout_nw
2026-01-05 04:12:19,276 [WARNING] [checkout_btn] Primary locator failed: id=checkout_nw (TimeoutException)
2026-01-05 04:12:19,276 [INFO] [checkout_btn] (Levenshtein) Healing attempt for id=checkout_nw
2026-01-05 04:12:19,336 [INFO] [checkout_btn] Found Levenshtein match: 'checkout_now' (dist=1)
2026-01-05 04:12:19,357 [INFO] [checkout_btn] healing successful
2026-01-05 04:12:19,357 [INFO] [Performance] Method=Levenshtein, Time=0.0803s, Scanned=3, Success=True
2026-01-05 04:12:19,357 [INFO] [checkout_btn] Healed locator: id=checkout_now (Levenshtein (dist=1))
2026-01-05 04:12:19,595 [INFO] --- SCENARIO 3: BLOG (Levenshtein) ---
2026-01-05 04:12:19,595 [INFO] Navigating to file:///E:\Advance_Masters_Project\My_AutoHeal_v2\My_AutoHeal\page_blog.html
2026-01-05 04:12:19,666 [INFO] [read_more] Using initial locator: id=read_more_lnk
2026-01-05 04:12:30,187 [WARNING] [read_more] Primary locator failed: id=read_more_lnk (TimeoutException)
2026-01-05 04:12:30,187 [INFO] [read_more] (Levenshtein) Healing attempt for id=read_more_lnk
2026-01-05 04:12:30,256 [INFO] [read_more] Found Levenshtein match: 'read_more_link' (dist=1)
2026-01-05 04:12:30,281 [INFO] [read_more] healing successful
2026-01-05 04:12:30,281 [INFO] [Performance] Method=Levenshtein, Time=0.0949s, Scanned=4, Success=True
2026-01-05 04:12:30,281 [INFO] [read_more] Healed locator: id=read_more_link (Levenshtein (dist=1))
2026-01-05 04:12:30,499 [INFO] [comment_box] Using initial locator: id=cmmnt_box
2026-01-05 04:12:41,007 [WARNING] [comment_box] Primary locator failed: id=cmmnt_box (TimeoutException)
2026-01-05 04:12:41,007 [INFO] [comment_box] (Levenshtein) Healing attempt for id=cmmnt_box
2026-01-05 04:12:41,081 [INFO] [comment_box] Found Levenshtein match: 'comment_box' (dist=2)
2026-01-05 04:12:41,103 [INFO] [comment_box] healing successful
2026-01-05 04:12:41,103 [INFO] [Performance] Method=Levenshtein, Time=0.0967s, Scanned=4, Success=True
2026-01-05 04:12:41,103 [INFO] [comment_box] Healed locator: id=comment_box (Levenshtein (dist=2))
2026-01-05 04:12:41,320 [INFO] [post_comment] Using initial locator: id=post_commnt_btn
2026-01-05 04:12:51,830 [WARNING] [post_comment] Primary locator failed: id=post_commnt_btn (TimeoutException)
2026-01-05 04:12:51,830 [INFO] [post_comment] (Levenshtein) Healing attempt for id=post_commnt_btn
2026-01-05 04:12:51,903 [INFO] [post_comment] Found Levenshtein match: 'post_comment_btn' (dist=1)
2026-01-05 04:12:51,926 [INFO] [post_comment] healing successful
2026-01-05 04:12:51,926 [INFO] [Performance] Method=Levenshtein, Time=0.0955s, Scanned=4, Success=True
2026-01-05 04:12:51,926 [INFO] [post_comment] Healed locator: id=post_comment_btn (Levenshtein (dist=1))
2026-01-05 04:12:52,168 [INFO] --- SCENARIO 4: DASHBOARD (Levenshtein) ---
2026-01-05 04:12:52,168 [INFO] Navigating to file:///E:\Advance_Masters_Project\My_AutoHeal_v2\My_AutoHeal\page_dashboard.html
2026-01-05 04:12:52,237 [INFO] [update_settings] Using initial locator: id=update_settngs_btn
2026-01-05 04:13:02,745 [WARNING] [update_settings] Primary locator failed: id=update_settngs_btn (TimeoutException)
2026-01-05 04:13:02,745 [INFO] [update_settings] (Levenshtein) Healing attempt for id=update_settngs_btn
2026-01-05 04:13:02,804 [INFO] [update_settings] Found Levenshtein match: 'update_settings_btn' (dist=1)
2026-01-05 04:13:02,822 [INFO] [update_settings] healing successful
2026-01-05 04:13:02,829 [INFO] [Performance] Method=Levenshtein, Time=0.0838s, Scanned=3, Success=True
2026-01-05 04:13:02,829 [INFO] [update_settings] Healed locator: id=update_settings_btn (Levenshtein (dist=1))
2026-01-05 04:13:03,063 [INFO] [toggle_dark] Using initial locator: id=togle_dark_mode
2026-01-05 04:13:13,570 [WARNING] [toggle_dark] Primary locator failed: id=togle_dark_mode (TimeoutException)
2026-01-05 04:13:13,570 [INFO] [toggle_dark] (Levenshtein) Healing attempt for id=togle_dark_mode
2026-01-05 04:13:13,627 [INFO] [toggle_dark] Found Levenshtein match: 'toggle_dark_mode' (dist=1)
2026-01-05 04:13:13,650 [INFO] [toggle_dark] healing successful
2026-01-05 04:13:13,650 [INFO] [Performance] Method=Levenshtein, Time=0.0792s, Scanned=3, Success=True
2026-01-05 04:13:13,650 [INFO] [toggle_dark] Healed locator: id=toggle_dark_mode (Levenshtein (dist=1))
2026-01-05 04:13:13,887 [INFO] --- SCENARIO 5: CONTACT (Levenshtein) ---
2026-01-05 04:13:13,889 [INFO] Navigating to file:///E:\Advance_Masters_Project\My_AutoHeal_v2\My_AutoHeal\page_contact.html
2026-01-05 04:13:13,944 [INFO] [contact_name] Using initial locator: id=cntact_name
2026-01-05 04:13:24,480 [WARNING] [contact_name] Primary locator failed: id=cntact_name (TimeoutException)
2026-01-05 04:13:24,480 [INFO] [contact_name] (Levenshtein) Healing attempt for id=cntact_name
2026-01-05 04:13:24,557 [INFO] [contact_name] Found Levenshtein match: 'contact_name' (dist=1)
2026-01-05 04:13:24,579 [INFO] [contact_name] healing successful
2026-01-05 04:13:24,579 [INFO] [Performance] Method=Levenshtein, Time=0.0986s, Scanned=3, Success=True
2026-01-05 04:13:24,579 [INFO] [contact_name] Healed locator: id=contact_name (Levenshtein (dist=1))
2026-01-05 04:13:24,786 [INFO] [send_btn] Using initial locator: id=send_msg_btn
2026-01-05 04:13:34,823 [WARNING] [send_btn] Primary locator failed: id=send_msg_btn (TimeoutException)
2026-01-05 04:13:34,823 [INFO] [send_btn] (Levenshtein) Healing attempt for id=send_msg_btn
2026-01-05 04:13:34,881 [INFO] [send_btn] Found Levenshtein match: 'send-message-btn' (dist=6)
2026-01-05 04:13:34,902 [INFO] [send_btn] healing successful
2026-01-05 04:13:34,902 [INFO] [Performance] Method=Levenshtein, Time=0.0796s, Scanned=3, Success=True
2026-01-05 04:13:34,902 [INFO] [send_btn] Healed locator: id=send-message-btn (Levenshtein (dist=6))
2026-01-05 05:06:49,970 [INFO] --- SCENARIO 1: LOGIN (Levenshtein) ---
2026-01-05 05:06:49,970 [INFO] Navigating to file:///E:\Advance_Masters_Project\My_AutoHeal_v2\My_AutoHeal\index.html
2026-01-05 05:06:50,290 [INFO] [login_button] Using initial locator: id=login-btn-prmary
2026-01-05 05:07:00,789 [WARNING] [login_button] Primary locator failed: id=login-btn-prmary (TimeoutException)
2026-01-05 05:07:00,789 [INFO] [login_button] (Levenshtein) Healing attempt for id=login-btn-prmary
2026-01-05 05:07:00,899 [INFO] [login_button] Found Levenshtein match: 'login-btn-primary' (dist=1)
2026-01-05 05:07:00,916 [INFO] [login_button] healing successful
2026-01-05 05:07:00,916 [INFO] [Performance] Method=Levenshtein, Time=0.1265s, Scanned=6, Success=True
2026-01-05 05:07:00,916 [INFO] [login_button] Healed locator: id=login-btn-primary (Levenshtein (dist=1))
2026-01-05 05:07:01,173 [INFO] [delete_alice_btn] Using initial locator: id=delete-alice-btn-prim
2026-01-05 05:07:11,189 [WARNING] [delete_alice_btn] Primary locator failed: id=delete-alice-btn-prim (TimeoutException)
2026-01-05 05:07:11,189 [INFO] [delete_alice_btn] (Levenshtein) Healing attempt for id=delete-alice-btn-prim
2026-01-05 05:07:11,283 [INFO] [delete_alice_btn] Found Levenshtein match: 'delete-alice-btn-primary' (dist=3)
2026-01-05 05:07:11,306 [INFO] [delete_alice_btn] healing successful
2026-01-05 05:07:11,306 [INFO] [Performance] Method=Levenshtein, Time=0.1178s, Scanned=6, Success=True
2026-01-05 05:07:11,306 [INFO] [delete_alice_btn] Healed locator: id=delete-alice-btn-primary (Levenshtein (dist=3))
2026-01-05 05:07:11,541 [INFO] [profile_email_input] Using initial locator: id=profile_emal
2026-01-05 05:07:22,057 [WARNING] [profile_email_input] Primary locator failed: id=profile_emal (TimeoutException)
2026-01-05 05:07:22,057 [INFO] [profile_email_input] (Levenshtein) Healing attempt for id=profile_emal
2026-01-05 05:07:22,155 [INFO] [profile_email_input] Found Levenshtein match: 'profile_email' (dist=1)
2026-01-05 05:07:22,177 [INFO] [profile_email_input] healing successful
2026-01-05 05:07:22,177 [INFO] [Performance] Method=Levenshtein, Time=0.1202s, Scanned=6, Success=True
2026-01-05 05:07:22,177 [INFO] [profile_email_input] Healed locator: id=profile_email (Levenshtein (dist=1))
2026-01-05 05:07:22,432 [INFO] [save_profile_btn] Using initial locator: id=btn_save_prfile
2026-01-05 05:07:32,922 [WARNING] [save_profile_btn] Primary locator failed: id=btn_save_prfile (TimeoutException)
2026-01-05 05:07:32,922 [INFO] [save_profile_btn] (Levenshtein) Healing attempt for id=btn_save_prfile
2026-01-05 05:07:33,020 [INFO] [save_profile_btn] Found Levenshtein match: 'btn_save_profile' (dist=1)
2026-01-05 05:07:33,043 [INFO] [save_profile_btn] healing successful
2026-01-05 05:07:33,043 [INFO] [Performance] Method=Levenshtein, Time=0.1208s, Scanned=6, Success=True
2026-01-05 05:07:33,043 [INFO] [save_profile_btn] Healed locator: id=btn_save_profile (Levenshtein (dist=1))
2026-01-05 05:07:33,280 [INFO] --- SCENARIO 2: E-COMMERCE (Levenshtein) ---
2026-01-05 05:07:33,282 [INFO] Navigating to file:///E:\Advance_Masters_Project\My_AutoHeal_v2\My_AutoHeal\page_ecommerce.html
2026-01-05 05:07:33,341 [INFO] [search_box] Using initial locator: id=search_box_v
2026-01-05 05:07:43,881 [WARNING] [search_box] Primary locator failed: id=search_box_v (TimeoutException)
2026-01-05 05:07:43,881 [INFO] [search_box] (Levenshtein) Healing attempt for id=search_box_v
2026-01-05 05:07:43,941 [INFO] [search_box] Found Levenshtein match: 'searchbox_v2' (dist=2)
2026-01-05 05:07:43,966 [INFO] [search_box] healing successful
2026-01-05 05:07:43,966 [INFO] [Performance] Method=Levenshtein, Time=0.0858s, Scanned=3, Success=True
2026-01-05 05:07:43,967 [INFO] [search_box] Healed locator: id=searchbox_v2 (Levenshtein (dist=2))
2026-01-05 05:07:44,200 [INFO] [add_laptop] Using initial locator: id=add_cart_laptop
2026-01-05 05:07:54,231 [WARNING] [add_laptop] Primary locator failed: id=add_cart_laptop (TimeoutException)
2026-01-05 05:07:54,231 [INFO] [add_laptop] (Levenshtein) Healing attempt for id=add_cart_laptop
2026-01-05 05:07:54,287 [INFO] [add_laptop] Found Levenshtein match: 'add_to_cart_laptop' (dist=3)
2026-01-05 05:07:54,311 [INFO] [add_laptop] healing successful
2026-01-05 05:07:54,311 [INFO] [Performance] Method=Levenshtein, Time=0.0797s, Scanned=3, Success=True
2026-01-05 05:07:54,311 [INFO] [add_laptop] Healed locator: id=add_to_cart_laptop (Levenshtein (dist=3))
2026-01-05 05:07:54,566 [INFO] [checkout_btn] Using initial locator: id=checkout_nw
2026-01-05 05:08:05,076 [WARNING] [checkout_btn] Primary locator failed: id=checkout_nw (TimeoutException)
2026-01-05 05:08:05,076 [INFO] [checkout_btn] (Levenshtein) Healing attempt for id=checkout_nw
2026-01-05 05:08:05,131 [INFO] [checkout_btn] Found Levenshtein match: 'checkout_now' (dist=1)
2026-01-05 05:08:05,156 [INFO] [checkout_btn] healing successful
2026-01-05 05:08:05,156 [INFO] [Performance] Method=Levenshtein, Time=0.0801s, Scanned=3, Success=True
2026-01-05 05:08:05,156 [INFO] [checkout_btn] Healed locator: id=checkout_now (Levenshtein (dist=1))
2026-01-05 05:08:05,391 [INFO] --- SCENARIO 3: BLOG (Levenshtein) ---
2026-01-05 05:08:05,391 [INFO] Navigating to file:///E:\Advance_Masters_Project\My_AutoHeal_v2\My_AutoHeal\page_blog.html
2026-01-05 05:08:05,469 [INFO] [read_more] Using initial locator: id=read_more_lnk
2026-01-05 05:08:15,992 [WARNING] [read_more] Primary locator failed: id=read_more_lnk (TimeoutException)
2026-01-05 05:08:15,992 [INFO] [read_more] (Levenshtein) Healing attempt for id=read_more_lnk
2026-01-05 05:08:16,069 [INFO] [read_more] Found Levenshtein match: 'read_more_link' (dist=1)
2026-01-05 05:08:16,093 [INFO] [read_more] healing successful
2026-01-05 05:08:16,093 [INFO] [Performance] Method=Levenshtein, Time=0.1006s, Scanned=4, Success=True
2026-01-05 05:08:16,093 [INFO] [read_more] Healed locator: id=read_more_link (Levenshtein (dist=1))
2026-01-05 05:08:16,331 [INFO] [comment_box] Using initial locator: id=cmmnt_box
2026-01-05 05:08:26,818 [WARNING] [comment_box] Primary locator failed: id=cmmnt_box (TimeoutException)
2026-01-05 05:08:26,818 [INFO] [comment_box] (Levenshtein) Healing attempt for id=cmmnt_box
2026-01-05 05:08:26,890 [INFO] [comment_box] Found Levenshtein match: 'comment_box' (dist=2)
2026-01-05 05:08:26,913 [INFO] [comment_box] healing successful
2026-01-05 05:08:26,913 [INFO] [Performance] Method=Levenshtein, Time=0.0950s, Scanned=4, Success=True
2026-01-05 05:08:26,913 [INFO] [comment_box] Healed locator: id=comment_box (Levenshtein (dist=2))
2026-01-05 05:08:27,121 [INFO] [post_comment] Using initial locator: id=post_commnt_btn
2026-01-05 05:08:37,135 [WARNING] [post_comment] Primary locator failed: id=post_commnt_btn (TimeoutException)
2026-01-05 05:08:37,135 [INFO] [post_comment] (Levenshtein) Healing attempt for id=post_commnt_btn
2026-01-05 05:08:37,206 [INFO] [post_comment] Found Levenshtein match: 'post_comment_btn' (dist=1)
2026-01-05 05:08:37,230 [INFO] [post_comment] healing successful
2026-01-05 05:08:37,230 [INFO] [Performance] Method=Levenshtein, Time=0.0949s, Scanned=4, Success=True
2026-01-05 05:08:37,230 [INFO] [post_comment] Healed locator: id=post_comment_btn (Levenshtein (dist=1))
2026-01-05 05:08:37,472 [INFO] --- SCENARIO 4: DASHBOARD (Levenshtein) ---
2026-01-05 05:08:37,472 [INFO] Navigating to file:///E:\Advance_Masters_Project\My_AutoHeal_v2\My_AutoHeal\page_dashboard.html
2026-01-05 05:08:37,532 [INFO] [update_settings] Using initial locator: id=update_settngs_btn
2026-01-05 05:08:48,056 [WARNING] [update_settings] Primary locator failed: id=update_settngs_btn (TimeoutException)
2026-01-05 05:08:48,056 [INFO] [update_settings] (Levenshtein) Healing attempt for id=update_settngs_btn
2026-01-05 05:08:48,120 [INFO] [update_settings] Found Levenshtein match: 'updatesettings_btn' (dist=2)
2026-01-05 05:08:48,149 [INFO] [update_settings] healing successful
2026-01-05 05:08:48,149 [INFO] [Performance] Method=Levenshtein, Time=0.0927s, Scanned=4, Success=True
2026-01-05 05:08:48,149 [INFO] [update_settings] Healed locator: id=updatesettings_btn (Levenshtein (dist=2))
2026-01-05 05:08:48,404 [INFO] [toggle_dark] Using initial locator: id=togle_dark_mode
2026-01-05 05:08:58,911 [WARNING] [toggle_dark] Primary locator failed: id=togle_dark_mode (TimeoutException)
2026-01-05 05:08:58,911 [INFO] [toggle_dark] (Levenshtein) Healing attempt for id=togle_dark_mode
2026-01-05 05:08:58,985 [INFO] [toggle_dark] Found Levenshtein match: 'toggle_dark_mode' (dist=1)
2026-01-05 05:08:59,006 [INFO] [toggle_dark] healing successful
2026-01-05 05:08:59,006 [INFO] [Performance] Method=Levenshtein, Time=0.0950s, Scanned=4, Success=True
2026-01-05 05:08:59,006 [INFO] [toggle_dark] Healed locator: id=toggle_dark_mode (Levenshtein (dist=1))
2026-01-05 05:08:59,242 [INFO] --- SCENARIO 5: CONTACT (Levenshtein) ---
2026-01-05 05:08:59,242 [INFO] Navigating to file:///E:\Advance_Masters_Project\My_AutoHeal_v2\My_AutoHeal\page_contact.html
2026-01-05 05:08:59,294 [INFO] [contact_name] Using initial locator: id=cntact_name
2026-01-05 05:09:09,809 [WARNING] [contact_name] Primary locator failed: id=cntact_name (TimeoutException)
2026-01-05 05:09:09,809 [INFO] [contact_name] (Levenshtein) Healing attempt for id=cntact_name
2026-01-05 05:09:09,857 [INFO] [contact_name] Found Levenshtein match: 'contact_name' (dist=1)
2026-01-05 05:09:09,890 [INFO] [contact_name] healing successful
2026-01-05 05:09:09,890 [INFO] [Performance] Method=Levenshtein, Time=0.0812s, Scanned=3, Success=True
2026-01-05 05:09:09,890 [INFO] [contact_name] Healed locator: id=contact_name (Levenshtein (dist=1))
2026-01-05 05:09:10,102 [INFO] [send_btn] Using initial locator: id=send_msg_btn
2026-01-05 05:09:20,136 [WARNING] [send_btn] Primary locator failed: id=send_msg_btn (TimeoutException)
2026-01-05 05:09:20,136 [INFO] [send_btn] (Levenshtein) Healing attempt for id=send_msg_btn
2026-01-05 05:09:20,195 [INFO] [send_btn] Found Levenshtein match: 'send-message-btn' (dist=6)
2026-01-05 05:09:20,217 [INFO] [send_btn] healing successful
2026-01-05 05:09:20,217 [INFO] [Performance] Method=Levenshtein, Time=0.0812s, Scanned=3, Success=True
2026-01-05 05:09:20,217 [INFO] [send_btn] Healed locator: id=send-message-btn (Levenshtein (dist=6))
